Starting denoising text classification experiment with args: Namespace(rule='none', embedding_dim=256, char_embed_dim=32, hidden_dim=128, encoder_layers=2, model_dim=256, num_heads=4, num_layers=2, ffn_dim=512, dropout=0.1, aux_dim=4, eta0=0.2, max_norm=1.0, ways=5, shots=1, queries=15, noise_type='substitution', noise_prob=0.0, epochs=20, episodes_per_epoch=200, val_episodes=100, lr=0.001, weight_decay=0.0005, clip_norm=5.0, device='auto', base_seed=123, seeds=3, output_path='experiments/results/denoising_text_rule-none_noise-substitution_prob-0.json')
Running denoising text classification experiment...
[seed=123] Starting epoch 1/20...
[seed=123] Finished training for epoch 1/20.
[seed=123] Finished evaluation for epoch 1/20.
[seed=123] Epoch 1: train_loss=1.6389, val_loss=1.6805, acc=0.2015, edit_dist=0.8016
[seed=123] Starting epoch 2/20...
[seed=123] Finished training for epoch 2/20.
[seed=123] Finished evaluation for epoch 2/20.
[seed=123] Epoch 2: train_loss=1.6157, val_loss=1.6097, acc=0.2000, edit_dist=0.8093
[seed=123] Starting epoch 3/20...
[seed=123] Finished training for epoch 3/20.
[seed=123] Finished evaluation for epoch 3/20.
[seed=123] Epoch 3: train_loss=1.6122, val_loss=1.6095, acc=0.2000, edit_dist=0.8018
[seed=123] Starting epoch 4/20...
[seed=123] Finished training for epoch 4/20.
[seed=123] Finished evaluation for epoch 4/20.
[seed=123] Epoch 4: train_loss=1.6099, val_loss=1.6096, acc=0.2000, edit_dist=0.8105
[seed=123] Starting epoch 5/20...
[seed=123] Finished training for epoch 5/20.
[seed=123] Finished evaluation for epoch 5/20.
[seed=123] Epoch 5: train_loss=1.6100, val_loss=1.6095, acc=0.2000, edit_dist=0.7996
[seed=123] Starting epoch 6/20...
[seed=123] Finished training for epoch 6/20.
[seed=123] Finished evaluation for epoch 6/20.
[seed=123] Epoch 6: train_loss=1.6096, val_loss=1.6095, acc=0.2000, edit_dist=0.8069
[seed=123] Starting epoch 7/20...
[seed=123] Finished training for epoch 7/20.
[seed=123] Finished evaluation for epoch 7/20.
[seed=123] Epoch 7: train_loss=1.6097, val_loss=1.6094, acc=0.2000, edit_dist=0.8056
[seed=123] Starting epoch 8/20...
[seed=123] Finished training for epoch 8/20.
[seed=123] Finished evaluation for epoch 8/20.
[seed=123] Epoch 8: train_loss=1.6097, val_loss=1.6095, acc=0.2000, edit_dist=0.8014
[seed=123] Starting epoch 9/20...
[seed=123] Finished training for epoch 9/20.
[seed=123] Finished evaluation for epoch 9/20.
[seed=123] Epoch 9: train_loss=1.6096, val_loss=1.6094, acc=0.2000, edit_dist=0.7991
[seed=123] Starting epoch 10/20...
[seed=123] Finished training for epoch 10/20.
[seed=123] Finished evaluation for epoch 10/20.
[seed=123] Epoch 10: train_loss=1.6096, val_loss=1.6095, acc=0.2000, edit_dist=0.7989
[seed=123] Starting epoch 11/20...
[seed=123] Finished training for epoch 11/20.
[seed=123] Finished evaluation for epoch 11/20.
[seed=123] Epoch 11: train_loss=1.6095, val_loss=1.6094, acc=0.2000, edit_dist=0.8100
[seed=123] Starting epoch 12/20...
[seed=123] Finished training for epoch 12/20.
[seed=123] Finished evaluation for epoch 12/20.
[seed=123] Epoch 12: train_loss=1.6095, val_loss=1.6095, acc=0.2000, edit_dist=0.8005
[seed=123] Starting epoch 13/20...
[seed=123] Finished training for epoch 13/20.
[seed=123] Finished evaluation for epoch 13/20.
[seed=123] Epoch 13: train_loss=1.6095, val_loss=1.6095, acc=0.2000, edit_dist=0.8011
[seed=123] Starting epoch 14/20...
[seed=123] Finished training for epoch 14/20.
[seed=123] Finished evaluation for epoch 14/20.
[seed=123] Epoch 14: train_loss=1.6096, val_loss=1.6095, acc=0.2000, edit_dist=0.8016
[seed=123] Starting epoch 15/20...
[seed=123] Finished training for epoch 15/20.
[seed=123] Finished evaluation for epoch 15/20.
[seed=123] Epoch 15: train_loss=1.6095, val_loss=1.6095, acc=0.2000, edit_dist=0.8205
[seed=123] Starting epoch 16/20...
[seed=123] Finished training for epoch 16/20.
[seed=123] Finished evaluation for epoch 16/20.
[seed=123] Epoch 16: train_loss=1.6096, val_loss=1.6094, acc=0.2000, edit_dist=0.7983
[seed=123] Starting epoch 17/20...
[seed=123] Finished training for epoch 17/20.
[seed=123] Finished evaluation for epoch 17/20.
[seed=123] Epoch 17: train_loss=1.6094, val_loss=1.6094, acc=0.2000, edit_dist=0.7972
[seed=123] Starting epoch 18/20...
[seed=123] Finished training for epoch 18/20.
[seed=123] Finished evaluation for epoch 18/20.
[seed=123] Epoch 18: train_loss=1.6094, val_loss=1.6095, acc=0.2000, edit_dist=0.8071
[seed=123] Starting epoch 19/20...
[seed=123] Finished training for epoch 19/20.
[seed=123] Finished evaluation for epoch 19/20.
[seed=123] Epoch 19: train_loss=1.6094, val_loss=1.6094, acc=0.2000, edit_dist=0.8038
[seed=123] Starting epoch 20/20...
[seed=123] Finished training for epoch 20/20.
[seed=123] Finished evaluation for epoch 20/20.
[seed=123] Epoch 20: train_loss=1.6095, val_loss=1.6094, acc=0.2000, edit_dist=0.8000
[seed=124] Starting epoch 1/20...
[seed=124] Finished training for epoch 1/20.
[seed=124] Finished evaluation for epoch 1/20.
[seed=124] Epoch 1: train_loss=1.6389, val_loss=1.6094, acc=0.1995, edit_dist=0.8046
[seed=124] Starting epoch 2/20...
[seed=124] Finished training for epoch 2/20.
[seed=124] Finished evaluation for epoch 2/20.
[seed=124] Epoch 2: train_loss=1.6262, val_loss=1.6100, acc=0.2000, edit_dist=0.8051
[seed=124] Starting epoch 3/20...
[seed=124] Finished training for epoch 3/20.
[seed=124] Finished evaluation for epoch 3/20.
[seed=124] Epoch 3: train_loss=1.6129, val_loss=1.6096, acc=0.2000, edit_dist=0.8101
[seed=124] Starting epoch 4/20...
[seed=124] Finished training for epoch 4/20.
[seed=124] Finished evaluation for epoch 4/20.
[seed=124] Epoch 4: train_loss=1.6111, val_loss=1.6095, acc=0.1820, edit_dist=0.8137
[seed=124] Starting epoch 5/20...
[seed=124] Finished training for epoch 5/20.
[seed=124] Finished evaluation for epoch 5/20.
[seed=124] Epoch 5: train_loss=1.6099, val_loss=1.6095, acc=0.2000, edit_dist=0.8055
[seed=124] Starting epoch 6/20...
[seed=124] Finished training for epoch 6/20.
[seed=124] Finished evaluation for epoch 6/20.
[seed=124] Epoch 6: train_loss=1.6099, val_loss=1.6095, acc=0.2000, edit_dist=0.8068
[seed=124] Starting epoch 7/20...
[seed=124] Finished training for epoch 7/20.
[seed=124] Finished evaluation for epoch 7/20.
[seed=124] Epoch 7: train_loss=1.6094, val_loss=1.6095, acc=0.2000, edit_dist=0.7976
[seed=124] Starting epoch 8/20...
[seed=124] Finished training for epoch 8/20.
[seed=124] Finished evaluation for epoch 8/20.
[seed=124] Epoch 8: train_loss=1.6095, val_loss=1.6095, acc=0.2000, edit_dist=0.8032
[seed=124] Starting epoch 9/20...
[seed=124] Finished training for epoch 9/20.
[seed=124] Finished evaluation for epoch 9/20.
[seed=124] Epoch 9: train_loss=1.6097, val_loss=1.6095, acc=0.2000, edit_dist=0.8086
[seed=124] Starting epoch 10/20...
[seed=124] Finished training for epoch 10/20.
[seed=124] Finished evaluation for epoch 10/20.
[seed=124] Epoch 10: train_loss=1.6097, val_loss=1.6094, acc=0.2000, edit_dist=0.8022
[seed=124] Starting epoch 11/20...
[seed=124] Finished training for epoch 11/20.
[seed=124] Finished evaluation for epoch 11/20.
[seed=124] Epoch 11: train_loss=1.6094, val_loss=1.6095, acc=0.2000, edit_dist=0.7992
[seed=124] Starting epoch 12/20...
[seed=124] Finished training for epoch 12/20.
[seed=124] Finished evaluation for epoch 12/20.
[seed=124] Epoch 12: train_loss=1.6097, val_loss=1.6094, acc=0.2000, edit_dist=0.8016
[seed=124] Starting epoch 13/20...
[seed=124] Finished training for epoch 13/20.
[seed=124] Finished evaluation for epoch 13/20.
[seed=124] Epoch 13: train_loss=1.6094, val_loss=1.6094, acc=0.2000, edit_dist=0.7990
[seed=124] Starting epoch 14/20...
[seed=124] Finished training for epoch 14/20.
[seed=124] Finished evaluation for epoch 14/20.
[seed=124] Epoch 14: train_loss=1.6095, val_loss=1.6095, acc=0.2000, edit_dist=0.8002
[seed=124] Starting epoch 15/20...
[seed=124] Finished training for epoch 15/20.
[seed=124] Finished evaluation for epoch 15/20.
[seed=124] Epoch 15: train_loss=1.6096, val_loss=1.6094, acc=0.2000, edit_dist=0.7995
[seed=124] Starting epoch 16/20...
[seed=124] Finished training for epoch 16/20.
[seed=124] Finished evaluation for epoch 16/20.
[seed=124] Epoch 16: train_loss=1.6095, val_loss=1.6094, acc=0.2000, edit_dist=0.8045
[seed=124] Starting epoch 17/20...
[seed=124] Finished training for epoch 17/20.
[seed=124] Finished evaluation for epoch 17/20.
[seed=124] Epoch 17: train_loss=1.6095, val_loss=1.6095, acc=0.2000, edit_dist=0.8127
[seed=124] Starting epoch 18/20...
[seed=124] Finished training for epoch 18/20.
[seed=124] Finished evaluation for epoch 18/20.
[seed=124] Epoch 18: train_loss=1.6094, val_loss=1.6095, acc=0.2000, edit_dist=0.8079
[seed=124] Starting epoch 19/20...
[seed=124] Finished training for epoch 19/20.
[seed=124] Finished evaluation for epoch 19/20.
[seed=124] Epoch 19: train_loss=1.6097, val_loss=1.6094, acc=0.2000, edit_dist=0.7993
[seed=124] Starting epoch 20/20...
[seed=124] Finished training for epoch 20/20.
[seed=124] Finished evaluation for epoch 20/20.
[seed=124] Epoch 20: train_loss=1.6095, val_loss=1.6095, acc=0.2000, edit_dist=0.7996
[seed=125] Starting epoch 1/20...
[seed=125] Finished training for epoch 1/20.
[seed=125] Finished evaluation for epoch 1/20.
[seed=125] Epoch 1: train_loss=1.6358, val_loss=1.6100, acc=0.1880, edit_dist=0.8153
[seed=125] Starting epoch 2/20...
[seed=125] Finished training for epoch 2/20.
[seed=125] Finished evaluation for epoch 2/20.
[seed=125] Epoch 2: train_loss=1.6125, val_loss=1.6092, acc=0.2000, edit_dist=0.8076
[seed=125] Starting epoch 3/20...
[seed=125] Finished training for epoch 3/20.
[seed=125] Finished evaluation for epoch 3/20.
[seed=125] Epoch 3: train_loss=1.6113, val_loss=1.6096, acc=0.2000, edit_dist=0.8069
[seed=125] Starting epoch 4/20...
[seed=125] Finished training for epoch 4/20.
[seed=125] Finished evaluation for epoch 4/20.
[seed=125] Epoch 4: train_loss=1.6101, val_loss=1.6100, acc=0.2000, edit_dist=0.7939
[seed=125] Starting epoch 5/20...
[seed=125] Finished training for epoch 5/20.
[seed=125] Finished evaluation for epoch 5/20.
[seed=125] Epoch 5: train_loss=1.6100, val_loss=1.6095, acc=0.2000, edit_dist=0.7970
[seed=125] Starting epoch 6/20...
[seed=125] Finished training for epoch 6/20.
[seed=125] Finished evaluation for epoch 6/20.
[seed=125] Epoch 6: train_loss=1.6097, val_loss=1.6095, acc=0.2000, edit_dist=0.8036
[seed=125] Starting epoch 7/20...
[seed=125] Finished training for epoch 7/20.
[seed=125] Finished evaluation for epoch 7/20.
[seed=125] Epoch 7: train_loss=1.6097, val_loss=1.6094, acc=0.2000, edit_dist=0.7974
[seed=125] Starting epoch 8/20...
[seed=125] Finished training for epoch 8/20.
[seed=125] Finished evaluation for epoch 8/20.
[seed=125] Epoch 8: train_loss=1.6097, val_loss=1.6095, acc=0.2000, edit_dist=0.7966
[seed=125] Starting epoch 9/20...
[seed=125] Finished training for epoch 9/20.
[seed=125] Finished evaluation for epoch 9/20.
[seed=125] Epoch 9: train_loss=1.6096, val_loss=1.6095, acc=0.2000, edit_dist=0.8057
[seed=125] Starting epoch 10/20...
[seed=125] Finished training for epoch 10/20.
[seed=125] Finished evaluation for epoch 10/20.
[seed=125] Epoch 10: train_loss=1.6095, val_loss=1.6095, acc=0.2000, edit_dist=0.7970
[seed=125] Starting epoch 11/20...
[seed=125] Finished training for epoch 11/20.
[seed=125] Finished evaluation for epoch 11/20.
[seed=125] Epoch 11: train_loss=1.6095, val_loss=1.6095, acc=0.2000, edit_dist=0.8095
[seed=125] Starting epoch 12/20...
[seed=125] Finished training for epoch 12/20.
[seed=125] Finished evaluation for epoch 12/20.
[seed=125] Epoch 12: train_loss=1.6093, val_loss=1.6095, acc=0.2000, edit_dist=0.7932
[seed=125] Starting epoch 13/20...
[seed=125] Finished training for epoch 13/20.
[seed=125] Finished evaluation for epoch 13/20.
[seed=125] Epoch 13: train_loss=1.6098, val_loss=1.6094, acc=0.2000, edit_dist=0.8165
[seed=125] Starting epoch 14/20...
[seed=125] Finished training for epoch 14/20.
[seed=125] Finished evaluation for epoch 14/20.
[seed=125] Epoch 14: train_loss=1.6096, val_loss=1.6095, acc=0.2000, edit_dist=0.8012
[seed=125] Starting epoch 15/20...
[seed=125] Finished training for epoch 15/20.
[seed=125] Finished evaluation for epoch 15/20.
[seed=125] Epoch 15: train_loss=1.6095, val_loss=1.6094, acc=0.2000, edit_dist=0.8050
[seed=125] Starting epoch 16/20...
[seed=125] Finished training for epoch 16/20.
[seed=125] Finished evaluation for epoch 16/20.
[seed=125] Epoch 16: train_loss=1.6095, val_loss=1.6095, acc=0.2000, edit_dist=0.7940
[seed=125] Starting epoch 17/20...
[seed=125] Finished training for epoch 17/20.
[seed=125] Finished evaluation for epoch 17/20.
[seed=125] Epoch 17: train_loss=1.6093, val_loss=1.6095, acc=0.2000, edit_dist=0.7923
[seed=125] Starting epoch 18/20...
[seed=125] Finished training for epoch 18/20.
[seed=125] Finished evaluation for epoch 18/20.
[seed=125] Epoch 18: train_loss=1.6095, val_loss=1.6095, acc=0.2000, edit_dist=0.7952
[seed=125] Starting epoch 19/20...
[seed=125] Finished training for epoch 19/20.
[seed=125] Finished evaluation for epoch 19/20.
[seed=125] Epoch 19: train_loss=1.6095, val_loss=1.6095, acc=0.2000, edit_dist=0.8117
[seed=125] Starting epoch 20/20...
[seed=125] Finished training for epoch 20/20.
[seed=125] Finished evaluation for epoch 20/20.
[seed=125] Epoch 20: train_loss=1.6095, val_loss=1.6094, acc=0.2000, edit_dist=0.8032
Starting denoising text classification experiment with args: Namespace(rule='none', embedding_dim=256, char_embed_dim=32, hidden_dim=128, encoder_layers=2, model_dim=256, num_heads=4, num_layers=2, ffn_dim=512, dropout=0.1, aux_dim=4, eta0=0.2, max_norm=1.0, ways=5, shots=1, queries=15, noise_type='substitution', noise_prob=0.1, epochs=20, episodes_per_epoch=200, val_episodes=100, lr=0.001, weight_decay=0.0005, clip_norm=5.0, device='auto', base_seed=123, seeds=3, output_path='experiments/results/denoising_text_rule-none_noise-substitution_prob-01.json')
Running denoising text classification experiment...
[seed=123] Starting epoch 1/20...
[seed=123] Finished training for epoch 1/20.
[seed=123] Finished evaluation for epoch 1/20.
[seed=123] Epoch 1: train_loss=1.6399, val_loss=1.6096, acc=0.2000, edit_dist=0.8255
[seed=123] Starting epoch 2/20...
[seed=123] Finished training for epoch 2/20.
[seed=123] Finished evaluation for epoch 2/20.
[seed=123] Epoch 2: train_loss=1.6141, val_loss=1.6097, acc=0.2000, edit_dist=0.8252
[seed=123] Starting epoch 3/20...
[seed=123] Finished training for epoch 3/20.
[seed=123] Finished evaluation for epoch 3/20.
[seed=123] Epoch 3: train_loss=1.6157, val_loss=1.6533, acc=0.2180, edit_dist=0.8391
[seed=123] Starting epoch 4/20...
[seed=123] Finished training for epoch 4/20.
[seed=123] Finished evaluation for epoch 4/20.
[seed=123] Epoch 4: train_loss=1.6169, val_loss=1.6144, acc=0.2017, edit_dist=0.8317
[seed=123] Starting epoch 5/20...
[seed=123] Finished training for epoch 5/20.
[seed=123] Finished evaluation for epoch 5/20.
[seed=123] Epoch 5: train_loss=1.6133, val_loss=1.6098, acc=0.1960, edit_dist=0.8292
[seed=123] Starting epoch 6/20...
[seed=123] Finished training for epoch 6/20.
[seed=123] Finished evaluation for epoch 6/20.
[seed=123] Epoch 6: train_loss=1.6110, val_loss=1.6096, acc=0.2000, edit_dist=0.8304
[seed=123] Starting epoch 7/20...
[seed=123] Finished training for epoch 7/20.
[seed=123] Finished evaluation for epoch 7/20.
[seed=123] Epoch 7: train_loss=1.6101, val_loss=1.6095, acc=0.2000, edit_dist=0.8305
[seed=123] Starting epoch 8/20...
[seed=123] Finished training for epoch 8/20.
[seed=123] Finished evaluation for epoch 8/20.
[seed=123] Epoch 8: train_loss=1.6097, val_loss=1.6095, acc=0.2000, edit_dist=0.8244
[seed=123] Starting epoch 9/20...
[seed=123] Finished training for epoch 9/20.
[seed=123] Finished evaluation for epoch 9/20.
[seed=123] Epoch 9: train_loss=1.6097, val_loss=1.6095, acc=0.1980, edit_dist=0.8246
[seed=123] Starting epoch 10/20...
[seed=123] Finished training for epoch 10/20.
[seed=123] Finished evaluation for epoch 10/20.
[seed=123] Epoch 10: train_loss=1.6097, val_loss=1.6095, acc=0.2000, edit_dist=0.8276
[seed=123] Starting epoch 11/20...
[seed=123] Finished training for epoch 11/20.
[seed=123] Finished evaluation for epoch 11/20.
[seed=123] Epoch 11: train_loss=1.6096, val_loss=1.6095, acc=0.2000, edit_dist=0.8350
[seed=123] Starting epoch 12/20...
[seed=123] Finished training for epoch 12/20.
[seed=123] Finished evaluation for epoch 12/20.
[seed=123] Epoch 12: train_loss=1.6095, val_loss=1.6095, acc=0.2000, edit_dist=0.8319
[seed=123] Starting epoch 13/20...
[seed=123] Finished training for epoch 13/20.
[seed=123] Finished evaluation for epoch 13/20.
[seed=123] Epoch 13: train_loss=1.6096, val_loss=1.6094, acc=0.2000, edit_dist=0.8318
[seed=123] Starting epoch 14/20...
[seed=123] Finished training for epoch 14/20.
[seed=123] Finished evaluation for epoch 14/20.
[seed=123] Epoch 14: train_loss=1.6096, val_loss=1.6094, acc=0.2000, edit_dist=0.8296
[seed=123] Starting epoch 15/20...
[seed=123] Finished training for epoch 15/20.
[seed=123] Finished evaluation for epoch 15/20.
[seed=123] Epoch 15: train_loss=1.6094, val_loss=1.6095, acc=0.2000, edit_dist=0.8218
[seed=123] Starting epoch 16/20...
[seed=123] Finished training for epoch 16/20.
[seed=123] Finished evaluation for epoch 16/20.
[seed=123] Epoch 16: train_loss=1.6096, val_loss=1.6094, acc=0.2000, edit_dist=0.8367
[seed=123] Starting epoch 17/20...
[seed=123] Finished training for epoch 17/20.
[seed=123] Finished evaluation for epoch 17/20.
[seed=123] Epoch 17: train_loss=1.6096, val_loss=1.6095, acc=0.2000, edit_dist=0.8361
[seed=123] Starting epoch 18/20...
[seed=123] Finished training for epoch 18/20.
[seed=123] Finished evaluation for epoch 18/20.
[seed=123] Epoch 18: train_loss=1.6095, val_loss=1.6094, acc=0.2000, edit_dist=0.8368
[seed=123] Starting epoch 19/20...
[seed=123] Finished training for epoch 19/20.
[seed=123] Finished evaluation for epoch 19/20.
[seed=123] Epoch 19: train_loss=1.6096, val_loss=1.6094, acc=0.2000, edit_dist=0.8245
[seed=123] Starting epoch 20/20...
[seed=123] Finished training for epoch 20/20.
[seed=123] Finished evaluation for epoch 20/20.
[seed=123] Epoch 20: train_loss=1.6095, val_loss=1.6094, acc=0.2000, edit_dist=0.8379
[seed=124] Starting epoch 1/20...
[seed=124] Finished training for epoch 1/20.
[seed=124] Finished evaluation for epoch 1/20.
[seed=124] Epoch 1: train_loss=1.6403, val_loss=1.6181, acc=0.1985, edit_dist=0.8212
[seed=124] Starting epoch 2/20...
[seed=124] Finished training for epoch 2/20.
[seed=124] Finished evaluation for epoch 2/20.
[seed=124] Epoch 2: train_loss=1.6142, val_loss=1.6099, acc=0.2000, edit_dist=0.8297
[seed=124] Starting epoch 3/20...
[seed=124] Finished training for epoch 3/20.
[seed=124] Finished evaluation for epoch 3/20.
[seed=124] Epoch 3: train_loss=1.6105, val_loss=1.6099, acc=0.2000, edit_dist=0.8273
[seed=124] Starting epoch 4/20...
[seed=124] Finished training for epoch 4/20.
[seed=124] Finished evaluation for epoch 4/20.
[seed=124] Epoch 4: train_loss=1.6103, val_loss=1.6096, acc=0.2000, edit_dist=0.8221
[seed=124] Starting epoch 5/20...
[seed=124] Finished training for epoch 5/20.
[seed=124] Finished evaluation for epoch 5/20.
[seed=124] Epoch 5: train_loss=1.6098, val_loss=1.6095, acc=0.2000, edit_dist=0.8329
[seed=124] Starting epoch 6/20...
[seed=124] Finished training for epoch 6/20.
[seed=124] Finished evaluation for epoch 6/20.
[seed=124] Epoch 6: train_loss=1.6097, val_loss=1.6094, acc=0.2000, edit_dist=0.8278
[seed=124] Starting epoch 7/20...
[seed=124] Finished training for epoch 7/20.
[seed=124] Finished evaluation for epoch 7/20.
[seed=124] Epoch 7: train_loss=1.6097, val_loss=1.6095, acc=0.2000, edit_dist=0.8251
[seed=124] Starting epoch 8/20...
[seed=124] Finished training for epoch 8/20.
[seed=124] Finished evaluation for epoch 8/20.
[seed=124] Epoch 8: train_loss=1.6096, val_loss=1.6095, acc=0.2000, edit_dist=0.8224
[seed=124] Starting epoch 9/20...
[seed=124] Finished training for epoch 9/20.
[seed=124] Finished evaluation for epoch 9/20.
[seed=124] Epoch 9: train_loss=1.6096, val_loss=1.6095, acc=0.2000, edit_dist=0.8240
[seed=124] Starting epoch 10/20...
[seed=124] Finished training for epoch 10/20.
[seed=124] Finished evaluation for epoch 10/20.
[seed=124] Epoch 10: train_loss=1.6094, val_loss=1.6094, acc=0.2000, edit_dist=0.8226
[seed=124] Starting epoch 11/20...
[seed=124] Finished training for epoch 11/20.
[seed=124] Finished evaluation for epoch 11/20.
[seed=124] Epoch 11: train_loss=1.6095, val_loss=1.6095, acc=0.2000, edit_dist=0.8254
[seed=124] Starting epoch 12/20...
[seed=124] Finished training for epoch 12/20.
[seed=124] Finished evaluation for epoch 12/20.
[seed=124] Epoch 12: train_loss=1.6096, val_loss=1.6095, acc=0.2000, edit_dist=0.8246
[seed=124] Starting epoch 13/20...
[seed=124] Finished training for epoch 13/20.
[seed=124] Finished evaluation for epoch 13/20.
[seed=124] Epoch 13: train_loss=1.6095, val_loss=1.6095, acc=0.2000, edit_dist=0.8283
[seed=124] Starting epoch 14/20...
[seed=124] Finished training for epoch 14/20.
[seed=124] Finished evaluation for epoch 14/20.
[seed=124] Epoch 14: train_loss=1.6096, val_loss=1.6094, acc=0.2000, edit_dist=0.8274
[seed=124] Starting epoch 15/20...
[seed=124] Finished training for epoch 15/20.
[seed=124] Finished evaluation for epoch 15/20.
[seed=124] Epoch 15: train_loss=1.6095, val_loss=1.6094, acc=0.2000, edit_dist=0.8236
[seed=124] Starting epoch 16/20...
[seed=124] Finished training for epoch 16/20.
[seed=124] Finished evaluation for epoch 16/20.
[seed=124] Epoch 16: train_loss=1.6095, val_loss=1.6094, acc=0.2000, edit_dist=0.8274
[seed=124] Starting epoch 17/20...
[seed=124] Finished training for epoch 17/20.
[seed=124] Finished evaluation for epoch 17/20.
[seed=124] Epoch 17: train_loss=1.6096, val_loss=1.6095, acc=0.2000, edit_dist=0.8235
[seed=124] Starting epoch 18/20...
[seed=124] Finished training for epoch 18/20.
[seed=124] Finished evaluation for epoch 18/20.
[seed=124] Epoch 18: train_loss=1.6095, val_loss=1.6095, acc=0.2000, edit_dist=0.8281
[seed=124] Starting epoch 19/20...
[seed=124] Finished training for epoch 19/20.
[seed=124] Finished evaluation for epoch 19/20.
[seed=124] Epoch 19: train_loss=1.6094, val_loss=1.6095, acc=0.2000, edit_dist=0.8258
[seed=124] Starting epoch 20/20...
[seed=124] Finished training for epoch 20/20.
[seed=124] Finished evaluation for epoch 20/20.
[seed=124] Epoch 20: train_loss=1.6095, val_loss=1.6095, acc=0.2000, edit_dist=0.8298
[seed=125] Starting epoch 1/20...
[seed=125] Finished training for epoch 1/20.
[seed=125] Finished evaluation for epoch 1/20.
[seed=125] Epoch 1: train_loss=1.6395, val_loss=1.6109, acc=0.1880, edit_dist=0.8185
[seed=125] Starting epoch 2/20...
[seed=125] Finished training for epoch 2/20.
[seed=125] Finished evaluation for epoch 2/20.
[seed=125] Epoch 2: train_loss=1.6136, val_loss=1.6097, acc=0.2000, edit_dist=0.8250
[seed=125] Starting epoch 3/20...
[seed=125] Finished training for epoch 3/20.
[seed=125] Finished evaluation for epoch 3/20.
[seed=125] Epoch 3: train_loss=1.6111, val_loss=1.6095, acc=0.2000, edit_dist=0.8340
[seed=125] Starting epoch 4/20...
[seed=125] Finished training for epoch 4/20.
[seed=125] Finished evaluation for epoch 4/20.
[seed=125] Epoch 4: train_loss=1.6101, val_loss=1.6095, acc=0.2000, edit_dist=0.8262
[seed=125] Starting epoch 5/20...
[seed=125] Finished training for epoch 5/20.
[seed=125] Finished evaluation for epoch 5/20.
[seed=125] Epoch 5: train_loss=1.6099, val_loss=1.6095, acc=0.2120, edit_dist=0.8249
[seed=125] Starting epoch 6/20...
[seed=125] Finished training for epoch 6/20.
[seed=125] Finished evaluation for epoch 6/20.
[seed=125] Epoch 6: train_loss=1.6100, val_loss=1.6095, acc=0.2000, edit_dist=0.8342
[seed=125] Starting epoch 7/20...
[seed=125] Finished training for epoch 7/20.
[seed=125] Finished evaluation for epoch 7/20.
[seed=125] Epoch 7: train_loss=1.6095, val_loss=1.6095, acc=0.2000, edit_dist=0.8309
[seed=125] Starting epoch 8/20...
[seed=125] Finished training for epoch 8/20.
[seed=125] Finished evaluation for epoch 8/20.
[seed=125] Epoch 8: train_loss=1.6098, val_loss=1.6096, acc=0.2000, edit_dist=0.8316
[seed=125] Starting epoch 9/20...
[seed=125] Finished training for epoch 9/20.
[seed=125] Finished evaluation for epoch 9/20.
[seed=125] Epoch 9: train_loss=1.6097, val_loss=1.6095, acc=0.2000, edit_dist=0.8191
[seed=125] Starting epoch 10/20...
[seed=125] Finished training for epoch 10/20.
[seed=125] Finished evaluation for epoch 10/20.
[seed=125] Epoch 10: train_loss=1.6095, val_loss=1.6094, acc=0.2000, edit_dist=0.8270
[seed=125] Starting epoch 11/20...
[seed=125] Finished training for epoch 11/20.
[seed=125] Finished evaluation for epoch 11/20.
[seed=125] Epoch 11: train_loss=1.6095, val_loss=1.6095, acc=0.2000, edit_dist=0.8270
[seed=125] Starting epoch 12/20...
[seed=125] Finished training for epoch 12/20.
[seed=125] Finished evaluation for epoch 12/20.
[seed=125] Epoch 12: train_loss=1.6096, val_loss=1.6095, acc=0.2000, edit_dist=0.8315
[seed=125] Starting epoch 13/20...
[seed=125] Finished training for epoch 13/20.
[seed=125] Finished evaluation for epoch 13/20.
[seed=125] Epoch 13: train_loss=1.6094, val_loss=1.6095, acc=0.2000, edit_dist=0.8179
[seed=125] Starting epoch 14/20...
[seed=125] Finished training for epoch 14/20.
[seed=125] Finished evaluation for epoch 14/20.
[seed=125] Epoch 14: train_loss=1.6094, val_loss=1.6095, acc=0.2000, edit_dist=0.8357
[seed=125] Starting epoch 15/20...
[seed=125] Finished training for epoch 15/20.
[seed=125] Finished evaluation for epoch 15/20.
[seed=125] Epoch 15: train_loss=1.6096, val_loss=1.6095, acc=0.2000, edit_dist=0.8307
[seed=125] Starting epoch 16/20...
[seed=125] Finished training for epoch 16/20.
[seed=125] Finished evaluation for epoch 16/20.
[seed=125] Epoch 16: train_loss=1.6095, val_loss=1.6094, acc=0.2000, edit_dist=0.8204
[seed=125] Starting epoch 17/20...
[seed=125] Finished training for epoch 17/20.
[seed=125] Finished evaluation for epoch 17/20.
[seed=125] Epoch 17: train_loss=1.6094, val_loss=1.6094, acc=0.2000, edit_dist=0.8378
[seed=125] Starting epoch 18/20...
[seed=125] Finished training for epoch 18/20.
[seed=125] Finished evaluation for epoch 18/20.
[seed=125] Epoch 18: train_loss=1.6095, val_loss=1.6094, acc=0.2000, edit_dist=0.8266
[seed=125] Starting epoch 19/20...
[seed=125] Finished training for epoch 19/20.
[seed=125] Finished evaluation for epoch 19/20.
[seed=125] Epoch 19: train_loss=1.6094, val_loss=1.6095, acc=0.2000, edit_dist=0.8165
[seed=125] Starting epoch 20/20...
[seed=125] Finished training for epoch 20/20.
[seed=125] Finished evaluation for epoch 20/20.
[seed=125] Epoch 20: train_loss=1.6096, val_loss=1.6094, acc=0.2000, edit_dist=0.8305
Starting denoising text classification experiment with args: Namespace(rule='none', embedding_dim=256, char_embed_dim=32, hidden_dim=128, encoder_layers=2, model_dim=256, num_heads=4, num_layers=2, ffn_dim=512, dropout=0.1, aux_dim=4, eta0=0.2, max_norm=1.0, ways=5, shots=1, queries=15, noise_type='substitution', noise_prob=0.2, epochs=20, episodes_per_epoch=200, val_episodes=100, lr=0.001, weight_decay=0.0005, clip_norm=5.0, device='auto', base_seed=123, seeds=3, output_path='experiments/results/denoising_text_rule-none_noise-substitution_prob-02.json')
Running denoising text classification experiment...
[seed=123] Starting epoch 1/20...
[seed=123] Finished training for epoch 1/20.
[seed=123] Finished evaluation for epoch 1/20.
[seed=123] Epoch 1: train_loss=1.6388, val_loss=1.6098, acc=0.2000, edit_dist=0.8566
[seed=123] Starting epoch 2/20...
[seed=123] Finished training for epoch 2/20.
[seed=123] Finished evaluation for epoch 2/20.
[seed=123] Epoch 2: train_loss=1.6132, val_loss=1.6103, acc=0.2000, edit_dist=0.8489
[seed=123] Starting epoch 3/20...
[seed=123] Finished training for epoch 3/20.
[seed=123] Finished evaluation for epoch 3/20.
[seed=123] Epoch 3: train_loss=1.6112, val_loss=1.6095, acc=0.2000, edit_dist=0.8589
[seed=123] Starting epoch 4/20...
[seed=123] Finished training for epoch 4/20.
[seed=123] Finished evaluation for epoch 4/20.
[seed=123] Epoch 4: train_loss=1.6098, val_loss=1.6095, acc=0.2000, edit_dist=0.8513
[seed=123] Starting epoch 5/20...
[seed=123] Finished training for epoch 5/20.
[seed=123] Finished evaluation for epoch 5/20.
[seed=123] Epoch 5: train_loss=1.6096, val_loss=1.6095, acc=0.2000, edit_dist=0.8542
[seed=123] Starting epoch 6/20...
[seed=123] Finished training for epoch 6/20.
[seed=123] Finished evaluation for epoch 6/20.
[seed=123] Epoch 6: train_loss=1.6099, val_loss=1.6095, acc=0.2000, edit_dist=0.8568
[seed=123] Starting epoch 7/20...
[seed=123] Finished training for epoch 7/20.
[seed=123] Finished evaluation for epoch 7/20.
[seed=123] Epoch 7: train_loss=1.6096, val_loss=1.6095, acc=0.2000, edit_dist=0.8625
[seed=123] Starting epoch 8/20...
[seed=123] Finished training for epoch 8/20.
[seed=123] Finished evaluation for epoch 8/20.
[seed=123] Epoch 8: train_loss=1.6097, val_loss=1.6094, acc=0.2000, edit_dist=0.8514
[seed=123] Starting epoch 9/20...
[seed=123] Finished training for epoch 9/20.
[seed=123] Finished evaluation for epoch 9/20.
[seed=123] Epoch 9: train_loss=1.6095, val_loss=1.6095, acc=0.2000, edit_dist=0.8560
[seed=123] Starting epoch 10/20...
[seed=123] Finished training for epoch 10/20.
[seed=123] Finished evaluation for epoch 10/20.
[seed=123] Epoch 10: train_loss=1.6094, val_loss=1.6095, acc=0.2000, edit_dist=0.8559
[seed=123] Starting epoch 11/20...
[seed=123] Finished training for epoch 11/20.
[seed=123] Finished evaluation for epoch 11/20.
[seed=123] Epoch 11: train_loss=1.6095, val_loss=1.6095, acc=0.2000, edit_dist=0.8563
[seed=123] Starting epoch 12/20...
[seed=123] Finished training for epoch 12/20.
[seed=123] Finished evaluation for epoch 12/20.
[seed=123] Epoch 12: train_loss=1.6095, val_loss=1.6095, acc=0.2000, edit_dist=0.8532
[seed=123] Starting epoch 13/20...
[seed=123] Finished training for epoch 13/20.
[seed=123] Finished evaluation for epoch 13/20.
[seed=123] Epoch 13: train_loss=1.6096, val_loss=1.6095, acc=0.2000, edit_dist=0.8483
[seed=123] Starting epoch 14/20...
[seed=123] Finished training for epoch 14/20.
[seed=123] Finished evaluation for epoch 14/20.
[seed=123] Epoch 14: train_loss=1.6097, val_loss=1.6095, acc=0.2000, edit_dist=0.8571
[seed=123] Starting epoch 15/20...
[seed=123] Finished training for epoch 15/20.
[seed=123] Finished evaluation for epoch 15/20.
[seed=123] Epoch 15: train_loss=1.6095, val_loss=1.6094, acc=0.2000, edit_dist=0.8486
[seed=123] Starting epoch 16/20...
[seed=123] Finished training for epoch 16/20.
[seed=123] Finished evaluation for epoch 16/20.
[seed=123] Epoch 16: train_loss=1.6095, val_loss=1.6094, acc=0.2000, edit_dist=0.8465
[seed=123] Starting epoch 17/20...
[seed=123] Finished training for epoch 17/20.
[seed=123] Finished evaluation for epoch 17/20.
[seed=123] Epoch 17: train_loss=1.6096, val_loss=1.6094, acc=0.2000, edit_dist=0.8528
[seed=123] Starting epoch 18/20...
[seed=123] Finished training for epoch 18/20.
[seed=123] Finished evaluation for epoch 18/20.
[seed=123] Epoch 18: train_loss=1.6095, val_loss=1.6094, acc=0.2000, edit_dist=0.8570
[seed=123] Starting epoch 19/20...
[seed=123] Finished training for epoch 19/20.
[seed=123] Finished evaluation for epoch 19/20.
[seed=123] Epoch 19: train_loss=1.6095, val_loss=1.6094, acc=0.2000, edit_dist=0.8507
[seed=123] Starting epoch 20/20...
[seed=123] Finished training for epoch 20/20.
[seed=123] Finished evaluation for epoch 20/20.
[seed=123] Epoch 20: train_loss=1.6095, val_loss=1.6094, acc=0.2000, edit_dist=0.8601
[seed=124] Starting epoch 1/20...
[seed=124] Finished training for epoch 1/20.
[seed=124] Finished evaluation for epoch 1/20.
[seed=124] Epoch 1: train_loss=1.6427, val_loss=1.6101, acc=0.2068, edit_dist=0.8555
[seed=124] Starting epoch 2/20...
[seed=124] Finished training for epoch 2/20.
[seed=124] Finished evaluation for epoch 2/20.
[seed=124] Epoch 2: train_loss=1.6147, val_loss=1.6097, acc=0.2000, edit_dist=0.8559
[seed=124] Starting epoch 3/20...
[seed=124] Finished training for epoch 3/20.
[seed=124] Finished evaluation for epoch 3/20.
[seed=124] Epoch 3: train_loss=1.6114, val_loss=1.6097, acc=0.2000, edit_dist=0.8616
[seed=124] Starting epoch 4/20...
[seed=124] Finished training for epoch 4/20.
[seed=124] Finished evaluation for epoch 4/20.
[seed=124] Epoch 4: train_loss=1.6104, val_loss=1.6095, acc=0.2000, edit_dist=0.8575
[seed=124] Starting epoch 5/20...
[seed=124] Finished training for epoch 5/20.
[seed=124] Finished evaluation for epoch 5/20.
[seed=124] Epoch 5: train_loss=1.6092, val_loss=1.6141, acc=0.1900, edit_dist=0.8532
[seed=124] Starting epoch 6/20...
[seed=124] Finished training for epoch 6/20.
[seed=124] Finished evaluation for epoch 6/20.
[seed=124] Epoch 6: train_loss=1.6113, val_loss=1.6097, acc=0.2000, edit_dist=0.8505
[seed=124] Starting epoch 7/20...
[seed=124] Finished training for epoch 7/20.
[seed=124] Finished evaluation for epoch 7/20.
[seed=124] Epoch 7: train_loss=1.6097, val_loss=1.6095, acc=0.2000, edit_dist=0.8531
[seed=124] Starting epoch 8/20...
[seed=124] Finished training for epoch 8/20.
[seed=124] Finished evaluation for epoch 8/20.
[seed=124] Epoch 8: train_loss=1.6096, val_loss=1.6095, acc=0.2000, edit_dist=0.8516
[seed=124] Starting epoch 9/20...
[seed=124] Finished training for epoch 9/20.
[seed=124] Finished evaluation for epoch 9/20.
[seed=124] Epoch 9: train_loss=1.6096, val_loss=1.6095, acc=0.2000, edit_dist=0.8625
[seed=124] Starting epoch 10/20...
[seed=124] Finished training for epoch 10/20.
[seed=124] Finished evaluation for epoch 10/20.
[seed=124] Epoch 10: train_loss=1.6094, val_loss=1.6094, acc=0.2000, edit_dist=0.8528
[seed=124] Starting epoch 11/20...
[seed=124] Finished training for epoch 11/20.
[seed=124] Finished evaluation for epoch 11/20.
[seed=124] Epoch 11: train_loss=1.6097, val_loss=1.6095, acc=0.2000, edit_dist=0.8476
[seed=124] Starting epoch 12/20...
[seed=124] Finished training for epoch 12/20.
[seed=124] Finished evaluation for epoch 12/20.
[seed=124] Epoch 12: train_loss=1.6095, val_loss=1.6095, acc=0.2000, edit_dist=0.8510
[seed=124] Starting epoch 13/20...
[seed=124] Finished training for epoch 13/20.
[seed=124] Finished evaluation for epoch 13/20.
[seed=124] Epoch 13: train_loss=1.6094, val_loss=1.6095, acc=0.2000, edit_dist=0.8539
[seed=124] Starting epoch 14/20...
[seed=124] Finished training for epoch 14/20.
[seed=124] Finished evaluation for epoch 14/20.
[seed=124] Epoch 14: train_loss=1.6094, val_loss=1.6095, acc=0.2000, edit_dist=0.8571
[seed=124] Starting epoch 15/20...
[seed=124] Finished training for epoch 15/20.
[seed=124] Finished evaluation for epoch 15/20.
[seed=124] Epoch 15: train_loss=1.6095, val_loss=1.6095, acc=0.2000, edit_dist=0.8538
[seed=124] Starting epoch 16/20...
[seed=124] Finished training for epoch 16/20.
[seed=124] Finished evaluation for epoch 16/20.
[seed=124] Epoch 16: train_loss=1.6096, val_loss=1.6095, acc=0.2000, edit_dist=0.8489
[seed=124] Starting epoch 17/20...
[seed=124] Finished training for epoch 17/20.
[seed=124] Finished evaluation for epoch 17/20.
[seed=124] Epoch 17: train_loss=1.6095, val_loss=1.6096, acc=0.1880, edit_dist=0.8511
[seed=124] Starting epoch 18/20...
[seed=124] Finished training for epoch 18/20.
[seed=124] Finished evaluation for epoch 18/20.
[seed=124] Epoch 18: train_loss=1.6096, val_loss=1.6093, acc=0.2000, edit_dist=0.8450
[seed=124] Starting epoch 19/20...
[seed=124] Finished training for epoch 19/20.
[seed=124] Finished evaluation for epoch 19/20.
[seed=124] Epoch 19: train_loss=1.6095, val_loss=1.6094, acc=0.2000, edit_dist=0.8545
[seed=124] Starting epoch 20/20...
[seed=124] Finished training for epoch 20/20.
[seed=124] Finished evaluation for epoch 20/20.
[seed=124] Epoch 20: train_loss=1.6095, val_loss=1.6094, acc=0.2000, edit_dist=0.8614
[seed=125] Starting epoch 1/20...
[seed=125] Finished training for epoch 1/20.
[seed=125] Finished evaluation for epoch 1/20.
[seed=125] Epoch 1: train_loss=1.6412, val_loss=1.6101, acc=0.2000, edit_dist=0.8473
[seed=125] Starting epoch 2/20...
[seed=125] Finished training for epoch 2/20.
[seed=125] Finished evaluation for epoch 2/20.
[seed=125] Epoch 2: train_loss=1.6135, val_loss=1.6102, acc=0.2000, edit_dist=0.8530
[seed=125] Starting epoch 3/20...
[seed=125] Finished training for epoch 3/20.
[seed=125] Finished evaluation for epoch 3/20.
[seed=125] Epoch 3: train_loss=1.6116, val_loss=1.6095, acc=0.2000, edit_dist=0.8374
[seed=125] Starting epoch 4/20...
[seed=125] Finished training for epoch 4/20.
[seed=125] Finished evaluation for epoch 4/20.
[seed=125] Epoch 4: train_loss=1.6101, val_loss=1.6096, acc=0.2000, edit_dist=0.8520
[seed=125] Starting epoch 5/20...
[seed=125] Finished training for epoch 5/20.
[seed=125] Finished evaluation for epoch 5/20.
[seed=125] Epoch 5: train_loss=1.6097, val_loss=1.6094, acc=0.1991, edit_dist=0.8480
[seed=125] Starting epoch 6/20...
[seed=125] Finished training for epoch 6/20.
[seed=125] Finished evaluation for epoch 6/20.
[seed=125] Epoch 6: train_loss=1.6105, val_loss=1.6141, acc=0.1840, edit_dist=0.8579
[seed=125] Starting epoch 7/20...
[seed=125] Finished training for epoch 7/20.
[seed=125] Finished evaluation for epoch 7/20.
[seed=125] Epoch 7: train_loss=1.6137, val_loss=1.6094, acc=0.1880, edit_dist=0.8509
[seed=125] Starting epoch 8/20...
[seed=125] Finished training for epoch 8/20.
[seed=125] Finished evaluation for epoch 8/20.
[seed=125] Epoch 8: train_loss=1.6097, val_loss=1.6094, acc=0.2000, edit_dist=0.8555
[seed=125] Starting epoch 9/20...
[seed=125] Finished training for epoch 9/20.
[seed=125] Finished evaluation for epoch 9/20.
[seed=125] Epoch 9: train_loss=1.6097, val_loss=1.6094, acc=0.2000, edit_dist=0.8547
[seed=125] Starting epoch 10/20...
[seed=125] Finished training for epoch 10/20.
[seed=125] Finished evaluation for epoch 10/20.
[seed=125] Epoch 10: train_loss=1.6097, val_loss=1.6095, acc=0.2080, edit_dist=0.8454
[seed=125] Starting epoch 11/20...
[seed=125] Finished training for epoch 11/20.
[seed=125] Finished evaluation for epoch 11/20.
[seed=125] Epoch 11: train_loss=1.6095, val_loss=1.6095, acc=0.2000, edit_dist=0.8448
[seed=125] Starting epoch 12/20...
[seed=125] Finished training for epoch 12/20.
[seed=125] Finished evaluation for epoch 12/20.
[seed=125] Epoch 12: train_loss=1.6098, val_loss=1.6095, acc=0.2000, edit_dist=0.8577
[seed=125] Starting epoch 13/20...
[seed=125] Finished training for epoch 13/20.
[seed=125] Finished evaluation for epoch 13/20.
[seed=125] Epoch 13: train_loss=1.6095, val_loss=1.6095, acc=0.2000, edit_dist=0.8527
[seed=125] Starting epoch 14/20...
[seed=125] Finished training for epoch 14/20.
[seed=125] Finished evaluation for epoch 14/20.
[seed=125] Epoch 14: train_loss=1.6094, val_loss=1.6094, acc=0.2000, edit_dist=0.8492
[seed=125] Starting epoch 15/20...
[seed=125] Finished training for epoch 15/20.
[seed=125] Finished evaluation for epoch 15/20.
[seed=125] Epoch 15: train_loss=1.6096, val_loss=1.6094, acc=0.2000, edit_dist=0.8600
[seed=125] Starting epoch 16/20...
[seed=125] Finished training for epoch 16/20.
[seed=125] Finished evaluation for epoch 16/20.
[seed=125] Epoch 16: train_loss=1.6094, val_loss=1.6095, acc=0.2000, edit_dist=0.8501
[seed=125] Starting epoch 17/20...
[seed=125] Finished training for epoch 17/20.
[seed=125] Finished evaluation for epoch 17/20.
[seed=125] Epoch 17: train_loss=1.6096, val_loss=1.6095, acc=0.2000, edit_dist=0.8432
[seed=125] Starting epoch 18/20...
[seed=125] Finished training for epoch 18/20.
[seed=125] Finished evaluation for epoch 18/20.
[seed=125] Epoch 18: train_loss=1.6096, val_loss=1.6094, acc=0.2000, edit_dist=0.8422
[seed=125] Starting epoch 19/20...
[seed=125] Finished training for epoch 19/20.
[seed=125] Finished evaluation for epoch 19/20.
[seed=125] Epoch 19: train_loss=1.6095, val_loss=1.6095, acc=0.2000, edit_dist=0.8468
[seed=125] Starting epoch 20/20...
[seed=125] Finished training for epoch 20/20.
[seed=125] Finished evaluation for epoch 20/20.
[seed=125] Epoch 20: train_loss=1.6095, val_loss=1.6094, acc=0.2000, edit_dist=0.8485
Starting denoising text classification experiment with args: Namespace(rule='hebbian', embedding_dim=256, char_embed_dim=32, hidden_dim=128, encoder_layers=2, model_dim=256, num_heads=4, num_layers=2, ffn_dim=512, dropout=0.1, aux_dim=4, eta0=0.2, max_norm=1.0, ways=5, shots=1, queries=15, noise_type='substitution', noise_prob=0.0, epochs=20, episodes_per_epoch=200, val_episodes=100, lr=0.001, weight_decay=0.0005, clip_norm=5.0, device='auto', base_seed=123, seeds=3, output_path='experiments/results/denoising_text_rule-hebbian_noise-substitution_prob-0.json')
Running denoising text classification experiment...
[seed=123] Starting epoch 1/20...
[seed=123] Finished training for epoch 1/20.
[seed=123] Finished evaluation for epoch 1/20.
[seed=123] Epoch 1: train_loss=1.6384, val_loss=1.6100, acc=0.2000, edit_dist=0.8016
[seed=123] Starting epoch 2/20...
[seed=123] Finished training for epoch 2/20.
[seed=123] Finished evaluation for epoch 2/20.
[seed=123] Epoch 2: train_loss=1.6132, val_loss=1.6096, acc=0.1993, edit_dist=0.8093
[seed=123] Starting epoch 3/20...
[seed=123] Finished training for epoch 3/20.
[seed=123] Finished evaluation for epoch 3/20.
[seed=123] Epoch 3: train_loss=1.6116, val_loss=1.6095, acc=0.2000, edit_dist=0.8018
[seed=123] Starting epoch 4/20...
[seed=123] Finished training for epoch 4/20.
[seed=123] Finished evaluation for epoch 4/20.
[seed=123] Epoch 4: train_loss=1.6097, val_loss=1.6095, acc=0.2092, edit_dist=0.8105
[seed=123] Starting epoch 5/20...
[seed=123] Finished training for epoch 5/20.
[seed=123] Finished evaluation for epoch 5/20.
[seed=123] Epoch 5: train_loss=1.6101, val_loss=1.6094, acc=0.1952, edit_dist=0.7996
[seed=123] Starting epoch 6/20...
[seed=123] Finished training for epoch 6/20.
[seed=123] Finished evaluation for epoch 6/20.
[seed=123] Epoch 6: train_loss=1.6098, val_loss=1.6095, acc=0.2007, edit_dist=0.8069
[seed=123] Starting epoch 7/20...
[seed=123] Finished training for epoch 7/20.
[seed=123] Finished evaluation for epoch 7/20.
[seed=123] Epoch 7: train_loss=1.6115, val_loss=1.6119, acc=0.2284, edit_dist=0.8056
[seed=123] Starting epoch 8/20...
[seed=123] Finished training for epoch 8/20.
[seed=123] Finished evaluation for epoch 8/20.
[seed=123] Epoch 8: train_loss=1.6110, val_loss=1.6251, acc=0.1928, edit_dist=0.8014
[seed=123] Starting epoch 9/20...
[seed=123] Finished training for epoch 9/20.
[seed=123] Finished evaluation for epoch 9/20.
[seed=123] Epoch 9: train_loss=1.6116, val_loss=1.6097, acc=0.1980, edit_dist=0.7991
[seed=123] Starting epoch 10/20...
[seed=123] Finished training for epoch 10/20.
[seed=123] Finished evaluation for epoch 10/20.
[seed=123] Epoch 10: train_loss=1.6102, val_loss=1.6094, acc=0.2000, edit_dist=0.7989
[seed=123] Starting epoch 11/20...
[seed=123] Finished training for epoch 11/20.
[seed=123] Finished evaluation for epoch 11/20.
[seed=123] Epoch 11: train_loss=1.6094, val_loss=1.6094, acc=0.2075, edit_dist=0.8100
[seed=123] Starting epoch 12/20...
[seed=123] Finished training for epoch 12/20.
[seed=123] Finished evaluation for epoch 12/20.
[seed=123] Epoch 12: train_loss=1.6096, val_loss=1.6090, acc=0.2140, edit_dist=0.8005
[seed=123] Starting epoch 13/20...
[seed=123] Finished training for epoch 13/20.
[seed=123] Finished evaluation for epoch 13/20.
[seed=123] Epoch 13: train_loss=1.6104, val_loss=1.6097, acc=0.2000, edit_dist=0.8011
[seed=123] Starting epoch 14/20...
[seed=123] Finished training for epoch 14/20.
[seed=123] Finished evaluation for epoch 14/20.
[seed=123] Epoch 14: train_loss=1.6099, val_loss=1.6097, acc=0.2000, edit_dist=0.8016
[seed=123] Starting epoch 15/20...
[seed=123] Finished training for epoch 15/20.
[seed=123] Finished evaluation for epoch 15/20.
[seed=123] Epoch 15: train_loss=1.6097, val_loss=1.6095, acc=0.2000, edit_dist=0.8205
[seed=123] Starting epoch 16/20...
[seed=123] Finished training for epoch 16/20.
[seed=123] Finished evaluation for epoch 16/20.
[seed=123] Epoch 16: train_loss=1.6095, val_loss=1.6093, acc=0.1880, edit_dist=0.7983
[seed=123] Starting epoch 17/20...
[seed=123] Finished training for epoch 17/20.
[seed=123] Finished evaluation for epoch 17/20.
[seed=123] Epoch 17: train_loss=1.6095, val_loss=1.6092, acc=0.2040, edit_dist=0.7972
[seed=123] Starting epoch 18/20...
[seed=123] Finished training for epoch 18/20.
[seed=123] Finished evaluation for epoch 18/20.
[seed=123] Epoch 18: train_loss=1.6095, val_loss=1.6092, acc=0.2013, edit_dist=0.8071
[seed=123] Starting epoch 19/20...
[seed=123] Finished training for epoch 19/20.
[seed=123] Finished evaluation for epoch 19/20.
[seed=123] Epoch 19: train_loss=1.6118, val_loss=1.6101, acc=0.1780, edit_dist=0.8038
[seed=123] Starting epoch 20/20...
[seed=123] Finished training for epoch 20/20.
[seed=123] Finished evaluation for epoch 20/20.
[seed=123] Epoch 20: train_loss=1.6098, val_loss=1.6093, acc=0.2161, edit_dist=0.8000
[seed=124] Starting epoch 1/20...
[seed=124] Finished training for epoch 1/20.
[seed=124] Finished evaluation for epoch 1/20.
[seed=124] Epoch 1: train_loss=1.6383, val_loss=1.6094, acc=0.1975, edit_dist=0.8046
[seed=124] Starting epoch 2/20...
[seed=124] Finished training for epoch 2/20.
[seed=124] Finished evaluation for epoch 2/20.
[seed=124] Epoch 2: train_loss=1.6120, val_loss=1.6096, acc=0.2000, edit_dist=0.8051
[seed=124] Starting epoch 3/20...
[seed=124] Finished training for epoch 3/20.
[seed=124] Finished evaluation for epoch 3/20.
[seed=124] Epoch 3: train_loss=1.6101, val_loss=1.6095, acc=0.2000, edit_dist=0.8101
[seed=124] Starting epoch 4/20...
[seed=124] Finished training for epoch 4/20.
[seed=124] Finished evaluation for epoch 4/20.
[seed=124] Epoch 4: train_loss=1.6100, val_loss=1.6095, acc=0.1896, edit_dist=0.8137
[seed=124] Starting epoch 5/20...
[seed=124] Finished training for epoch 5/20.
[seed=124] Finished evaluation for epoch 5/20.
[seed=124] Epoch 5: train_loss=1.6099, val_loss=1.6095, acc=0.2000, edit_dist=0.8055
[seed=124] Starting epoch 6/20...
[seed=124] Finished training for epoch 6/20.
[seed=124] Finished evaluation for epoch 6/20.
[seed=124] Epoch 6: train_loss=1.6097, val_loss=1.6095, acc=0.2000, edit_dist=0.8068
[seed=124] Starting epoch 7/20...
[seed=124] Finished training for epoch 7/20.
[seed=124] Finished evaluation for epoch 7/20.
[seed=124] Epoch 7: train_loss=1.6094, val_loss=1.6096, acc=0.2000, edit_dist=0.7976
[seed=124] Starting epoch 8/20...
[seed=124] Finished training for epoch 8/20.
[seed=124] Finished evaluation for epoch 8/20.
[seed=124] Epoch 8: train_loss=1.6095, val_loss=1.6095, acc=0.2000, edit_dist=0.8032
[seed=124] Starting epoch 9/20...
[seed=124] Finished training for epoch 9/20.
[seed=124] Finished evaluation for epoch 9/20.
[seed=124] Epoch 9: train_loss=1.6096, val_loss=1.6096, acc=0.2000, edit_dist=0.8086
[seed=124] Starting epoch 10/20...
[seed=124] Finished training for epoch 10/20.
[seed=124] Finished evaluation for epoch 10/20.
[seed=124] Epoch 10: train_loss=1.6096, val_loss=1.6094, acc=0.2000, edit_dist=0.8022
[seed=124] Starting epoch 11/20...
[seed=124] Finished training for epoch 11/20.
[seed=124] Finished evaluation for epoch 11/20.
[seed=124] Epoch 11: train_loss=1.6095, val_loss=1.6095, acc=0.2044, edit_dist=0.7992
[seed=124] Starting epoch 12/20...
[seed=124] Finished training for epoch 12/20.
[seed=124] Finished evaluation for epoch 12/20.
[seed=124] Epoch 12: train_loss=1.6098, val_loss=1.6095, acc=0.2000, edit_dist=0.8016
[seed=124] Starting epoch 13/20...
[seed=124] Finished training for epoch 13/20.
[seed=124] Finished evaluation for epoch 13/20.
[seed=124] Epoch 13: train_loss=1.6094, val_loss=1.6095, acc=0.2000, edit_dist=0.7990
[seed=124] Starting epoch 14/20...
[seed=124] Finished training for epoch 14/20.
[seed=124] Finished evaluation for epoch 14/20.
[seed=124] Epoch 14: train_loss=1.6095, val_loss=1.6094, acc=0.2000, edit_dist=0.8002
[seed=124] Starting epoch 15/20...
[seed=124] Finished training for epoch 15/20.
[seed=124] Finished evaluation for epoch 15/20.
[seed=124] Epoch 15: train_loss=1.6095, val_loss=1.6094, acc=0.2000, edit_dist=0.7995
[seed=124] Starting epoch 16/20...
[seed=124] Finished training for epoch 16/20.
[seed=124] Finished evaluation for epoch 16/20.
[seed=124] Epoch 16: train_loss=1.6096, val_loss=1.6094, acc=0.2000, edit_dist=0.8045
[seed=124] Starting epoch 17/20...
[seed=124] Finished training for epoch 17/20.
[seed=124] Finished evaluation for epoch 17/20.
[seed=124] Epoch 17: train_loss=1.6096, val_loss=1.6094, acc=0.2000, edit_dist=0.8127
[seed=124] Starting epoch 18/20...
[seed=124] Finished training for epoch 18/20.
[seed=124] Finished evaluation for epoch 18/20.
[seed=124] Epoch 18: train_loss=1.6094, val_loss=1.6095, acc=0.2000, edit_dist=0.8079
[seed=124] Starting epoch 19/20...
[seed=124] Finished training for epoch 19/20.
[seed=124] Finished evaluation for epoch 19/20.
[seed=124] Epoch 19: train_loss=1.6097, val_loss=1.6095, acc=0.2000, edit_dist=0.7993
[seed=124] Starting epoch 20/20...
[seed=124] Finished training for epoch 20/20.
[seed=124] Finished evaluation for epoch 20/20.
[seed=124] Epoch 20: train_loss=1.6096, val_loss=1.6094, acc=0.2000, edit_dist=0.7996
[seed=125] Starting epoch 1/20...
[seed=125] Finished training for epoch 1/20.
[seed=125] Finished evaluation for epoch 1/20.
[seed=125] Epoch 1: train_loss=1.6366, val_loss=1.6094, acc=0.2000, edit_dist=0.8153
[seed=125] Starting epoch 2/20...
[seed=125] Finished training for epoch 2/20.
[seed=125] Finished evaluation for epoch 2/20.
[seed=125] Epoch 2: train_loss=1.6142, val_loss=1.6115, acc=0.2100, edit_dist=0.8076
[seed=125] Starting epoch 3/20...
[seed=125] Finished training for epoch 3/20.
[seed=125] Finished evaluation for epoch 3/20.
[seed=125] Epoch 3: train_loss=1.6116, val_loss=1.6095, acc=0.1757, edit_dist=0.8069
[seed=125] Starting epoch 4/20...
[seed=125] Finished training for epoch 4/20.
[seed=125] Finished evaluation for epoch 4/20.
[seed=125] Epoch 4: train_loss=1.6127, val_loss=1.6098, acc=0.1985, edit_dist=0.7939
[seed=125] Starting epoch 5/20...
[seed=125] Finished training for epoch 5/20.
[seed=125] Finished evaluation for epoch 5/20.
[seed=125] Epoch 5: train_loss=1.6111, val_loss=1.6095, acc=0.2000, edit_dist=0.7970
[seed=125] Starting epoch 6/20...
[seed=125] Finished training for epoch 6/20.
[seed=125] Finished evaluation for epoch 6/20.
[seed=125] Epoch 6: train_loss=1.6104, val_loss=1.6095, acc=0.2000, edit_dist=0.8036
[seed=125] Starting epoch 7/20...
[seed=125] Finished training for epoch 7/20.
[seed=125] Finished evaluation for epoch 7/20.
[seed=125] Epoch 7: train_loss=1.6098, val_loss=1.6093, acc=0.2040, edit_dist=0.7974
[seed=125] Starting epoch 8/20...
[seed=125] Finished training for epoch 8/20.
[seed=125] Finished evaluation for epoch 8/20.
[seed=125] Epoch 8: train_loss=1.6099, val_loss=1.6095, acc=0.1968, edit_dist=0.7966
[seed=125] Starting epoch 9/20...
[seed=125] Finished training for epoch 9/20.
[seed=125] Finished evaluation for epoch 9/20.
[seed=125] Epoch 9: train_loss=1.6096, val_loss=1.6095, acc=0.1972, edit_dist=0.8057
[seed=125] Starting epoch 10/20...
[seed=125] Finished training for epoch 10/20.
[seed=125] Finished evaluation for epoch 10/20.
[seed=125] Epoch 10: train_loss=1.6097, val_loss=1.6095, acc=0.2000, edit_dist=0.7970
[seed=125] Starting epoch 11/20...
[seed=125] Finished training for epoch 11/20.
[seed=125] Finished evaluation for epoch 11/20.
[seed=125] Epoch 11: train_loss=1.6095, val_loss=1.6095, acc=0.1919, edit_dist=0.8095
[seed=125] Starting epoch 12/20...
[seed=125] Finished training for epoch 12/20.
[seed=125] Finished evaluation for epoch 12/20.
[seed=125] Epoch 12: train_loss=1.6091, val_loss=1.6095, acc=0.1987, edit_dist=0.7932
[seed=125] Starting epoch 13/20...
[seed=125] Finished training for epoch 13/20.
[seed=125] Finished evaluation for epoch 13/20.
[seed=125] Epoch 13: train_loss=1.6098, val_loss=1.6095, acc=0.2000, edit_dist=0.8165
[seed=125] Starting epoch 14/20...
[seed=125] Finished training for epoch 14/20.
[seed=125] Finished evaluation for epoch 14/20.
[seed=125] Epoch 14: train_loss=1.6096, val_loss=1.6094, acc=0.2000, edit_dist=0.8012
[seed=125] Starting epoch 15/20...
[seed=125] Finished training for epoch 15/20.
[seed=125] Finished evaluation for epoch 15/20.
[seed=125] Epoch 15: train_loss=1.6095, val_loss=1.6095, acc=0.2000, edit_dist=0.8050
[seed=125] Starting epoch 16/20...
[seed=125] Finished training for epoch 16/20.
[seed=125] Finished evaluation for epoch 16/20.
[seed=125] Epoch 16: train_loss=1.6096, val_loss=1.6095, acc=0.2000, edit_dist=0.7940
[seed=125] Starting epoch 17/20...
[seed=125] Finished training for epoch 17/20.
[seed=125] Finished evaluation for epoch 17/20.
[seed=125] Epoch 17: train_loss=1.6091, val_loss=1.6086, acc=0.2100, edit_dist=0.7923
[seed=125] Starting epoch 18/20...
[seed=125] Finished training for epoch 18/20.
[seed=125] Finished evaluation for epoch 18/20.
[seed=125] Epoch 18: train_loss=1.6106, val_loss=1.6097, acc=0.2000, edit_dist=0.7952
[seed=125] Starting epoch 19/20...
[seed=125] Finished training for epoch 19/20.
[seed=125] Finished evaluation for epoch 19/20.
[seed=125] Epoch 19: train_loss=1.6096, val_loss=1.6094, acc=0.2224, edit_dist=0.8117
[seed=125] Starting epoch 20/20...
[seed=125] Finished training for epoch 20/20.
[seed=125] Finished evaluation for epoch 20/20.
[seed=125] Epoch 20: train_loss=1.6095, val_loss=1.6098, acc=0.2000, edit_dist=0.8032
Starting denoising text classification experiment with args: Namespace(rule='hebbian', embedding_dim=256, char_embed_dim=32, hidden_dim=128, encoder_layers=2, model_dim=256, num_heads=4, num_layers=2, ffn_dim=512, dropout=0.1, aux_dim=4, eta0=0.2, max_norm=1.0, ways=5, shots=1, queries=15, noise_type='substitution', noise_prob=0.1, epochs=20, episodes_per_epoch=200, val_episodes=100, lr=0.001, weight_decay=0.0005, clip_norm=5.0, device='auto', base_seed=123, seeds=3, output_path='experiments/results/denoising_text_rule-hebbian_noise-substitution_prob-01.json')
Running denoising text classification experiment...
[seed=123] Starting epoch 1/20...
[seed=123] Finished training for epoch 1/20.
[seed=123] Finished evaluation for epoch 1/20.
[seed=123] Epoch 1: train_loss=1.6400, val_loss=1.6096, acc=0.2000, edit_dist=0.8255
[seed=123] Starting epoch 2/20...
[seed=123] Finished training for epoch 2/20.
[seed=123] Finished evaluation for epoch 2/20.
[seed=123] Epoch 2: train_loss=1.6142, val_loss=1.6102, acc=0.1997, edit_dist=0.8252
[seed=123] Starting epoch 3/20...
[seed=123] Finished training for epoch 3/20.
[seed=123] Finished evaluation for epoch 3/20.
[seed=123] Epoch 3: train_loss=1.6149, val_loss=1.6094, acc=0.2000, edit_dist=0.8391
[seed=123] Starting epoch 4/20...
[seed=123] Finished training for epoch 4/20.
[seed=123] Finished evaluation for epoch 4/20.
[seed=123] Epoch 4: train_loss=1.6114, val_loss=1.6095, acc=0.1957, edit_dist=0.8317
[seed=123] Starting epoch 5/20...
[seed=123] Finished training for epoch 5/20.
[seed=123] Finished evaluation for epoch 5/20.
[seed=123] Epoch 5: train_loss=1.6116, val_loss=1.6095, acc=0.2000, edit_dist=0.8292
[seed=123] Starting epoch 6/20...
[seed=123] Finished training for epoch 6/20.
[seed=123] Finished evaluation for epoch 6/20.
[seed=123] Epoch 6: train_loss=1.6104, val_loss=1.6094, acc=0.2121, edit_dist=0.8304
[seed=123] Starting epoch 7/20...
[seed=123] Finished training for epoch 7/20.
[seed=123] Finished evaluation for epoch 7/20.
[seed=123] Epoch 7: train_loss=1.6102, val_loss=1.6097, acc=0.2000, edit_dist=0.8305
[seed=123] Starting epoch 8/20...
[seed=123] Finished training for epoch 8/20.
[seed=123] Finished evaluation for epoch 8/20.
[seed=123] Epoch 8: train_loss=1.6099, val_loss=1.6095, acc=0.2068, edit_dist=0.8244
[seed=123] Starting epoch 9/20...
[seed=123] Finished training for epoch 9/20.
[seed=123] Finished evaluation for epoch 9/20.
[seed=123] Epoch 9: train_loss=1.6098, val_loss=1.6095, acc=0.1985, edit_dist=0.8246
[seed=123] Starting epoch 10/20...
[seed=123] Finished training for epoch 10/20.
[seed=123] Finished evaluation for epoch 10/20.
[seed=123] Epoch 10: train_loss=1.6098, val_loss=1.6094, acc=0.1948, edit_dist=0.8276
[seed=123] Starting epoch 11/20...
[seed=123] Finished training for epoch 11/20.
[seed=123] Finished evaluation for epoch 11/20.
[seed=123] Epoch 11: train_loss=1.6096, val_loss=1.6095, acc=0.2000, edit_dist=0.8350
[seed=123] Starting epoch 12/20...
[seed=123] Finished training for epoch 12/20.
[seed=123] Finished evaluation for epoch 12/20.
[seed=123] Epoch 12: train_loss=1.6097, val_loss=1.6094, acc=0.2001, edit_dist=0.8319
[seed=123] Starting epoch 13/20...
[seed=123] Finished training for epoch 13/20.
[seed=123] Finished evaluation for epoch 13/20.
[seed=123] Epoch 13: train_loss=1.6095, val_loss=1.6094, acc=0.2000, edit_dist=0.8318
[seed=123] Starting epoch 14/20...
[seed=123] Finished training for epoch 14/20.
[seed=123] Finished evaluation for epoch 14/20.
[seed=123] Epoch 14: train_loss=1.6095, val_loss=1.6094, acc=0.2000, edit_dist=0.8296
[seed=123] Starting epoch 15/20...
[seed=123] Finished training for epoch 15/20.
[seed=123] Finished evaluation for epoch 15/20.
[seed=123] Epoch 15: train_loss=1.6095, val_loss=1.6095, acc=0.2000, edit_dist=0.8218
[seed=123] Starting epoch 16/20...
[seed=123] Finished training for epoch 16/20.
[seed=123] Finished evaluation for epoch 16/20.
[seed=123] Epoch 16: train_loss=1.6096, val_loss=1.6095, acc=0.2000, edit_dist=0.8367
[seed=123] Starting epoch 17/20...
[seed=123] Finished training for epoch 17/20.
[seed=123] Finished evaluation for epoch 17/20.
[seed=123] Epoch 17: train_loss=1.6095, val_loss=1.6095, acc=0.2000, edit_dist=0.8361
[seed=123] Starting epoch 18/20...
[seed=123] Finished training for epoch 18/20.
[seed=123] Finished evaluation for epoch 18/20.
[seed=123] Epoch 18: train_loss=1.6094, val_loss=1.6094, acc=0.2127, edit_dist=0.8368
[seed=123] Starting epoch 19/20...
[seed=123] Finished training for epoch 19/20.
[seed=123] Finished evaluation for epoch 19/20.
[seed=123] Epoch 19: train_loss=1.6095, val_loss=1.6095, acc=0.2000, edit_dist=0.8245
[seed=123] Starting epoch 20/20...
[seed=123] Finished training for epoch 20/20.
[seed=123] Finished evaluation for epoch 20/20.
[seed=123] Epoch 20: train_loss=1.6096, val_loss=1.6095, acc=0.1973, edit_dist=0.8379
[seed=124] Starting epoch 1/20...
[seed=124] Finished training for epoch 1/20.
[seed=124] Finished evaluation for epoch 1/20.
[seed=124] Epoch 1: train_loss=1.6409, val_loss=1.6150, acc=0.2025, edit_dist=0.8212
[seed=124] Starting epoch 2/20...
[seed=124] Finished training for epoch 2/20.
[seed=124] Finished evaluation for epoch 2/20.
[seed=124] Epoch 2: train_loss=1.6146, val_loss=1.6102, acc=0.2000, edit_dist=0.8297
[seed=124] Starting epoch 3/20...
[seed=124] Finished training for epoch 3/20.
[seed=124] Finished evaluation for epoch 3/20.
[seed=124] Epoch 3: train_loss=1.6104, val_loss=1.6107, acc=0.1860, edit_dist=0.8273
[seed=124] Starting epoch 4/20...
[seed=124] Finished training for epoch 4/20.
[seed=124] Finished evaluation for epoch 4/20.
[seed=124] Epoch 4: train_loss=1.6107, val_loss=1.6096, acc=0.2000, edit_dist=0.8221
[seed=124] Starting epoch 5/20...
[seed=124] Finished training for epoch 5/20.
[seed=124] Finished evaluation for epoch 5/20.
[seed=124] Epoch 5: train_loss=1.6099, val_loss=1.6095, acc=0.1888, edit_dist=0.8329
[seed=124] Starting epoch 6/20...
[seed=124] Finished training for epoch 6/20.
[seed=124] Finished evaluation for epoch 6/20.
[seed=124] Epoch 6: train_loss=1.6100, val_loss=1.6095, acc=0.1975, edit_dist=0.8278
[seed=124] Starting epoch 7/20...
[seed=124] Finished training for epoch 7/20.
[seed=124] Finished evaluation for epoch 7/20.
[seed=124] Epoch 7: train_loss=1.6097, val_loss=1.6095, acc=0.2000, edit_dist=0.8251
[seed=124] Starting epoch 8/20...
[seed=124] Finished training for epoch 8/20.
[seed=124] Finished evaluation for epoch 8/20.
[seed=124] Epoch 8: train_loss=1.6096, val_loss=1.6095, acc=0.2000, edit_dist=0.8224
[seed=124] Starting epoch 9/20...
[seed=124] Finished training for epoch 9/20.
[seed=124] Finished evaluation for epoch 9/20.
[seed=124] Epoch 9: train_loss=1.6097, val_loss=1.6095, acc=0.2000, edit_dist=0.8240
[seed=124] Starting epoch 10/20...
[seed=124] Finished training for epoch 10/20.
[seed=124] Finished evaluation for epoch 10/20.
[seed=124] Epoch 10: train_loss=1.6094, val_loss=1.6095, acc=0.2000, edit_dist=0.8226
[seed=124] Starting epoch 11/20...
[seed=124] Finished training for epoch 11/20.
[seed=124] Finished evaluation for epoch 11/20.
[seed=124] Epoch 11: train_loss=1.6099, val_loss=1.6093, acc=0.2020, edit_dist=0.8254
[seed=124] Starting epoch 12/20...
[seed=124] Finished training for epoch 12/20.
[seed=124] Finished evaluation for epoch 12/20.
[seed=124] Epoch 12: train_loss=1.6104, val_loss=1.6092, acc=0.2000, edit_dist=0.8246
[seed=124] Starting epoch 13/20...
[seed=124] Finished training for epoch 13/20.
[seed=124] Finished evaluation for epoch 13/20.
[seed=124] Epoch 13: train_loss=1.6098, val_loss=1.6094, acc=0.2000, edit_dist=0.8283
[seed=124] Starting epoch 14/20...
[seed=124] Finished training for epoch 14/20.
[seed=124] Finished evaluation for epoch 14/20.
[seed=124] Epoch 14: train_loss=1.6096, val_loss=1.6094, acc=0.2068, edit_dist=0.8274
[seed=124] Starting epoch 15/20...
[seed=124] Finished training for epoch 15/20.
[seed=124] Finished evaluation for epoch 15/20.
[seed=124] Epoch 15: train_loss=1.6095, val_loss=1.6094, acc=0.1972, edit_dist=0.8236
[seed=124] Starting epoch 16/20...
[seed=124] Finished training for epoch 16/20.
[seed=124] Finished evaluation for epoch 16/20.
[seed=124] Epoch 16: train_loss=1.6094, val_loss=1.6095, acc=0.2000, edit_dist=0.8274
[seed=124] Starting epoch 17/20...
[seed=124] Finished training for epoch 17/20.
[seed=124] Finished evaluation for epoch 17/20.
[seed=124] Epoch 17: train_loss=1.6095, val_loss=1.6095, acc=0.2000, edit_dist=0.8235
[seed=124] Starting epoch 18/20...
[seed=124] Finished training for epoch 18/20.
[seed=124] Finished evaluation for epoch 18/20.
[seed=124] Epoch 18: train_loss=1.6095, val_loss=1.6095, acc=0.2000, edit_dist=0.8281
[seed=124] Starting epoch 19/20...
[seed=124] Finished training for epoch 19/20.
[seed=124] Finished evaluation for epoch 19/20.
[seed=124] Epoch 19: train_loss=1.6095, val_loss=1.6094, acc=0.2000, edit_dist=0.8258
[seed=124] Starting epoch 20/20...
[seed=124] Finished training for epoch 20/20.
[seed=124] Finished evaluation for epoch 20/20.
[seed=124] Epoch 20: train_loss=1.6095, val_loss=1.6095, acc=0.2000, edit_dist=0.8298
[seed=125] Starting epoch 1/20...
[seed=125] Finished training for epoch 1/20.
[seed=125] Finished evaluation for epoch 1/20.
[seed=125] Epoch 1: train_loss=1.6390, val_loss=1.6112, acc=0.2000, edit_dist=0.8185
[seed=125] Starting epoch 2/20...
[seed=125] Finished training for epoch 2/20.
[seed=125] Finished evaluation for epoch 2/20.
[seed=125] Epoch 2: train_loss=1.6149, val_loss=1.6096, acc=0.2000, edit_dist=0.8250
[seed=125] Starting epoch 3/20...
[seed=125] Finished training for epoch 3/20.
[seed=125] Finished evaluation for epoch 3/20.
[seed=125] Epoch 3: train_loss=1.6110, val_loss=1.6097, acc=0.2000, edit_dist=0.8340
[seed=125] Starting epoch 4/20...
[seed=125] Finished training for epoch 4/20.
[seed=125] Finished evaluation for epoch 4/20.
[seed=125] Epoch 4: train_loss=1.6102, val_loss=1.6095, acc=0.2008, edit_dist=0.8262
[seed=125] Starting epoch 5/20...
[seed=125] Finished training for epoch 5/20.
[seed=125] Finished evaluation for epoch 5/20.
[seed=125] Epoch 5: train_loss=1.6097, val_loss=1.6096, acc=0.1948, edit_dist=0.8249
[seed=125] Starting epoch 6/20...
[seed=125] Finished training for epoch 6/20.
[seed=125] Finished evaluation for epoch 6/20.
[seed=125] Epoch 6: train_loss=1.6100, val_loss=1.6095, acc=0.2000, edit_dist=0.8342
[seed=125] Starting epoch 7/20...
[seed=125] Finished training for epoch 7/20.
[seed=125] Finished evaluation for epoch 7/20.
[seed=125] Epoch 7: train_loss=1.6096, val_loss=1.6095, acc=0.2020, edit_dist=0.8309
[seed=125] Starting epoch 8/20...
[seed=125] Finished training for epoch 8/20.
[seed=125] Finished evaluation for epoch 8/20.
[seed=125] Epoch 8: train_loss=1.6102, val_loss=1.6106, acc=0.1640, edit_dist=0.8316
[seed=125] Starting epoch 9/20...
[seed=125] Finished training for epoch 9/20.
[seed=125] Finished evaluation for epoch 9/20.
[seed=125] Epoch 9: train_loss=1.6097, val_loss=1.6094, acc=0.2001, edit_dist=0.8191
[seed=125] Starting epoch 10/20...
[seed=125] Finished training for epoch 10/20.
[seed=125] Finished evaluation for epoch 10/20.
[seed=125] Epoch 10: train_loss=1.6094, val_loss=1.6098, acc=0.2260, edit_dist=0.8270
[seed=125] Starting epoch 11/20...
[seed=125] Finished training for epoch 11/20.
[seed=125] Finished evaluation for epoch 11/20.
[seed=125] Epoch 11: train_loss=1.6097, val_loss=1.6101, acc=0.1915, edit_dist=0.8270
[seed=125] Starting epoch 12/20...
[seed=125] Finished training for epoch 12/20.
[seed=125] Finished evaluation for epoch 12/20.
[seed=125] Epoch 12: train_loss=1.6098, val_loss=1.6092, acc=0.2020, edit_dist=0.8315
[seed=125] Starting epoch 13/20...
[seed=125] Finished training for epoch 13/20.
[seed=125] Finished evaluation for epoch 13/20.
[seed=125] Epoch 13: train_loss=1.6098, val_loss=1.6113, acc=0.2000, edit_dist=0.8179
[seed=125] Starting epoch 14/20...
[seed=125] Finished training for epoch 14/20.
[seed=125] Finished evaluation for epoch 14/20.
[seed=125] Epoch 14: train_loss=1.6101, val_loss=1.6095, acc=0.2020, edit_dist=0.8357
[seed=125] Starting epoch 15/20...
[seed=125] Finished training for epoch 15/20.
[seed=125] Finished evaluation for epoch 15/20.
[seed=125] Epoch 15: train_loss=1.6097, val_loss=1.6096, acc=0.2000, edit_dist=0.8307
[seed=125] Starting epoch 16/20...
[seed=125] Finished training for epoch 16/20.
[seed=125] Finished evaluation for epoch 16/20.
[seed=125] Epoch 16: train_loss=1.6095, val_loss=1.6094, acc=0.2012, edit_dist=0.8204
[seed=125] Starting epoch 17/20...
[seed=125] Finished training for epoch 17/20.
[seed=125] Finished evaluation for epoch 17/20.
[seed=125] Epoch 17: train_loss=1.6096, val_loss=1.6091, acc=0.2060, edit_dist=0.8378
[seed=125] Starting epoch 18/20...
[seed=125] Finished training for epoch 18/20.
[seed=125] Finished evaluation for epoch 18/20.
[seed=125] Epoch 18: train_loss=1.6095, val_loss=1.6094, acc=0.2000, edit_dist=0.8266
[seed=125] Starting epoch 19/20...
[seed=125] Finished training for epoch 19/20.
[seed=125] Finished evaluation for epoch 19/20.
[seed=125] Epoch 19: train_loss=1.6094, val_loss=1.6095, acc=0.1915, edit_dist=0.8165
[seed=125] Starting epoch 20/20...
[seed=125] Finished training for epoch 20/20.
[seed=125] Finished evaluation for epoch 20/20.
[seed=125] Epoch 20: train_loss=1.6095, val_loss=1.6100, acc=0.2000, edit_dist=0.8305
Starting denoising text classification experiment with args: Namespace(rule='hebbian', embedding_dim=256, char_embed_dim=32, hidden_dim=128, encoder_layers=2, model_dim=256, num_heads=4, num_layers=2, ffn_dim=512, dropout=0.1, aux_dim=4, eta0=0.2, max_norm=1.0, ways=5, shots=1, queries=15, noise_type='substitution', noise_prob=0.2, epochs=20, episodes_per_epoch=200, val_episodes=100, lr=0.001, weight_decay=0.0005, clip_norm=5.0, device='auto', base_seed=123, seeds=3, output_path='experiments/results/denoising_text_rule-hebbian_noise-substitution_prob-02.json')
Running denoising text classification experiment...
[seed=123] Starting epoch 1/20...
[seed=123] Finished training for epoch 1/20.
[seed=123] Finished evaluation for epoch 1/20.
[seed=123] Epoch 1: train_loss=1.6380, val_loss=1.6099, acc=0.2020, edit_dist=0.8566
[seed=123] Starting epoch 2/20...
[seed=123] Finished training for epoch 2/20.
[seed=123] Finished evaluation for epoch 2/20.
[seed=123] Epoch 2: train_loss=1.6167, val_loss=1.6122, acc=0.1720, edit_dist=0.8489
[seed=123] Starting epoch 3/20...
[seed=123] Finished training for epoch 3/20.
[seed=123] Finished evaluation for epoch 3/20.
[seed=123] Epoch 3: train_loss=1.6129, val_loss=1.6094, acc=0.1880, edit_dist=0.8589
[seed=123] Starting epoch 4/20...
[seed=123] Finished training for epoch 4/20.
[seed=123] Finished evaluation for epoch 4/20.
[seed=123] Epoch 4: train_loss=1.6103, val_loss=1.6096, acc=0.2000, edit_dist=0.8513
[seed=123] Starting epoch 5/20...
[seed=123] Finished training for epoch 5/20.
[seed=123] Finished evaluation for epoch 5/20.
[seed=123] Epoch 5: train_loss=1.6099, val_loss=1.6095, acc=0.2000, edit_dist=0.8542
[seed=123] Starting epoch 6/20...
[seed=123] Finished training for epoch 6/20.
[seed=123] Finished evaluation for epoch 6/20.
[seed=123] Epoch 6: train_loss=1.6100, val_loss=1.6097, acc=0.2000, edit_dist=0.8568
[seed=123] Starting epoch 7/20...
[seed=123] Finished training for epoch 7/20.
[seed=123] Finished evaluation for epoch 7/20.
[seed=123] Epoch 7: train_loss=1.6098, val_loss=1.6095, acc=0.2000, edit_dist=0.8625
[seed=123] Starting epoch 8/20...
[seed=123] Finished training for epoch 8/20.
[seed=123] Finished evaluation for epoch 8/20.
[seed=123] Epoch 8: train_loss=1.6097, val_loss=1.6095, acc=0.2000, edit_dist=0.8514
[seed=123] Starting epoch 9/20...
[seed=123] Finished training for epoch 9/20.
[seed=123] Finished evaluation for epoch 9/20.
[seed=123] Epoch 9: train_loss=1.6097, val_loss=1.6095, acc=0.2000, edit_dist=0.8560
[seed=123] Starting epoch 10/20...
[seed=123] Finished training for epoch 10/20.
[seed=123] Finished evaluation for epoch 10/20.
[seed=123] Epoch 10: train_loss=1.6096, val_loss=1.6095, acc=0.2000, edit_dist=0.8559
[seed=123] Starting epoch 11/20...
[seed=123] Finished training for epoch 11/20.
[seed=123] Finished evaluation for epoch 11/20.
[seed=123] Epoch 11: train_loss=1.6095, val_loss=1.6095, acc=0.2000, edit_dist=0.8563
[seed=123] Starting epoch 12/20...
[seed=123] Finished training for epoch 12/20.
[seed=123] Finished evaluation for epoch 12/20.
[seed=123] Epoch 12: train_loss=1.6095, val_loss=1.6095, acc=0.2000, edit_dist=0.8532
[seed=123] Starting epoch 13/20...
[seed=123] Finished training for epoch 13/20.
[seed=123] Finished evaluation for epoch 13/20.
[seed=123] Epoch 13: train_loss=1.6096, val_loss=1.6095, acc=0.2027, edit_dist=0.8483
[seed=123] Starting epoch 14/20...
[seed=123] Finished training for epoch 14/20.
[seed=123] Finished evaluation for epoch 14/20.
[seed=123] Epoch 14: train_loss=1.6095, val_loss=1.6095, acc=0.2000, edit_dist=0.8571
[seed=123] Starting epoch 15/20...
[seed=123] Finished training for epoch 15/20.
[seed=123] Finished evaluation for epoch 15/20.
[seed=123] Epoch 15: train_loss=1.6096, val_loss=1.6094, acc=0.2000, edit_dist=0.8486
[seed=123] Starting epoch 16/20...
[seed=123] Finished training for epoch 16/20.
[seed=123] Finished evaluation for epoch 16/20.
[seed=123] Epoch 16: train_loss=1.6097, val_loss=1.6094, acc=0.2000, edit_dist=0.8465
[seed=123] Starting epoch 17/20...
[seed=123] Finished training for epoch 17/20.
[seed=123] Finished evaluation for epoch 17/20.
[seed=123] Epoch 17: train_loss=1.6095, val_loss=1.6094, acc=0.2005, edit_dist=0.8528
[seed=123] Starting epoch 18/20...
[seed=123] Finished training for epoch 18/20.
[seed=123] Finished evaluation for epoch 18/20.
[seed=123] Epoch 18: train_loss=1.6095, val_loss=1.6094, acc=0.2051, edit_dist=0.8570
[seed=123] Starting epoch 19/20...
[seed=123] Finished training for epoch 19/20.
[seed=123] Finished evaluation for epoch 19/20.
[seed=123] Epoch 19: train_loss=1.6096, val_loss=1.6095, acc=0.2011, edit_dist=0.8507
[seed=123] Starting epoch 20/20...
[seed=123] Finished training for epoch 20/20.
[seed=123] Finished evaluation for epoch 20/20.
[seed=123] Epoch 20: train_loss=1.6095, val_loss=1.6094, acc=0.2000, edit_dist=0.8601
[seed=124] Starting epoch 1/20...
[seed=124] Finished training for epoch 1/20.
[seed=124] Finished evaluation for epoch 1/20.
[seed=124] Epoch 1: train_loss=1.6432, val_loss=1.6136, acc=0.1928, edit_dist=0.8555
[seed=124] Starting epoch 2/20...
[seed=124] Finished training for epoch 2/20.
[seed=124] Finished evaluation for epoch 2/20.
[seed=124] Epoch 2: train_loss=1.6137, val_loss=1.6103, acc=0.2000, edit_dist=0.8559
[seed=124] Starting epoch 3/20...
[seed=124] Finished training for epoch 3/20.
[seed=124] Finished evaluation for epoch 3/20.
[seed=124] Epoch 3: train_loss=1.6110, val_loss=1.6097, acc=0.2040, edit_dist=0.8616
[seed=124] Starting epoch 4/20...
[seed=124] Finished training for epoch 4/20.
[seed=124] Finished evaluation for epoch 4/20.
[seed=124] Epoch 4: train_loss=1.6103, val_loss=1.6095, acc=0.2000, edit_dist=0.8575
[seed=124] Starting epoch 5/20...
[seed=124] Finished training for epoch 5/20.
[seed=124] Finished evaluation for epoch 5/20.
[seed=124] Epoch 5: train_loss=1.6082, val_loss=1.6146, acc=0.2049, edit_dist=0.8532
[seed=124] Starting epoch 6/20...
[seed=124] Finished training for epoch 6/20.
[seed=124] Finished evaluation for epoch 6/20.
[seed=124] Epoch 6: train_loss=1.6123, val_loss=1.6099, acc=0.1973, edit_dist=0.8505
[seed=124] Starting epoch 7/20...
[seed=124] Finished training for epoch 7/20.
[seed=124] Finished evaluation for epoch 7/20.
[seed=124] Epoch 7: train_loss=1.6101, val_loss=1.6096, acc=0.2137, edit_dist=0.8531
[seed=124] Starting epoch 8/20...
[seed=124] Finished training for epoch 8/20.
[seed=124] Finished evaluation for epoch 8/20.
[seed=124] Epoch 8: train_loss=1.6098, val_loss=1.6096, acc=0.1941, edit_dist=0.8516
[seed=124] Starting epoch 9/20...
[seed=124] Finished training for epoch 9/20.
[seed=124] Finished evaluation for epoch 9/20.
[seed=124] Epoch 9: train_loss=1.6096, val_loss=1.6095, acc=0.1993, edit_dist=0.8625
[seed=124] Starting epoch 10/20...
[seed=124] Finished training for epoch 10/20.
[seed=124] Finished evaluation for epoch 10/20.
[seed=124] Epoch 10: train_loss=1.6094, val_loss=1.6095, acc=0.2016, edit_dist=0.8528
[seed=124] Starting epoch 11/20...
[seed=124] Finished training for epoch 11/20.
[seed=124] Finished evaluation for epoch 11/20.
[seed=124] Epoch 11: train_loss=1.6097, val_loss=1.6095, acc=0.2000, edit_dist=0.8476
[seed=124] Starting epoch 12/20...
[seed=124] Finished training for epoch 12/20.
[seed=124] Finished evaluation for epoch 12/20.
[seed=124] Epoch 12: train_loss=1.6095, val_loss=1.6095, acc=0.2000, edit_dist=0.8510
[seed=124] Starting epoch 13/20...
[seed=124] Finished training for epoch 13/20.
[seed=124] Finished evaluation for epoch 13/20.
[seed=124] Epoch 13: train_loss=1.6095, val_loss=1.6094, acc=0.2000, edit_dist=0.8539
[seed=124] Starting epoch 14/20...
[seed=124] Finished training for epoch 14/20.
[seed=124] Finished evaluation for epoch 14/20.
[seed=124] Epoch 14: train_loss=1.6095, val_loss=1.6095, acc=0.2000, edit_dist=0.8571
[seed=124] Starting epoch 15/20...
[seed=124] Finished training for epoch 15/20.
[seed=124] Finished evaluation for epoch 15/20.
[seed=124] Epoch 15: train_loss=1.6096, val_loss=1.6095, acc=0.2000, edit_dist=0.8538
[seed=124] Starting epoch 16/20...
[seed=124] Finished training for epoch 16/20.
[seed=124] Finished evaluation for epoch 16/20.
[seed=124] Epoch 16: train_loss=1.6096, val_loss=1.6094, acc=0.1903, edit_dist=0.8489
[seed=124] Starting epoch 17/20...
[seed=124] Finished training for epoch 17/20.
[seed=124] Finished evaluation for epoch 17/20.
[seed=124] Epoch 17: train_loss=1.6094, val_loss=1.6095, acc=0.2000, edit_dist=0.8511
[seed=124] Starting epoch 18/20...
[seed=124] Finished training for epoch 18/20.
[seed=124] Finished evaluation for epoch 18/20.
[seed=124] Epoch 18: train_loss=1.6096, val_loss=1.6094, acc=0.2000, edit_dist=0.8450
[seed=124] Starting epoch 19/20...
[seed=124] Finished training for epoch 19/20.
[seed=124] Finished evaluation for epoch 19/20.
[seed=124] Epoch 19: train_loss=1.6096, val_loss=1.6095, acc=0.2000, edit_dist=0.8545
[seed=124] Starting epoch 20/20...
[seed=124] Finished training for epoch 20/20.
[seed=124] Finished evaluation for epoch 20/20.
[seed=124] Epoch 20: train_loss=1.6096, val_loss=1.6094, acc=0.2000, edit_dist=0.8614
[seed=125] Starting epoch 1/20...
[seed=125] Finished training for epoch 1/20.
[seed=125] Finished evaluation for epoch 1/20.
[seed=125] Epoch 1: train_loss=1.6407, val_loss=1.6109, acc=0.2045, edit_dist=0.8473
[seed=125] Starting epoch 2/20...
[seed=125] Finished training for epoch 2/20.
[seed=125] Finished evaluation for epoch 2/20.
[seed=125] Epoch 2: train_loss=1.6121, val_loss=1.6095, acc=0.2000, edit_dist=0.8530
[seed=125] Starting epoch 3/20...
[seed=125] Finished training for epoch 3/20.
[seed=125] Finished evaluation for epoch 3/20.
[seed=125] Epoch 3: train_loss=1.6106, val_loss=1.6098, acc=0.2000, edit_dist=0.8374
[seed=125] Starting epoch 4/20...
[seed=125] Finished training for epoch 4/20.
[seed=125] Finished evaluation for epoch 4/20.
[seed=125] Epoch 4: train_loss=1.6107, val_loss=1.6094, acc=0.2000, edit_dist=0.8520
[seed=125] Starting epoch 5/20...
[seed=125] Finished training for epoch 5/20.
[seed=125] Finished evaluation for epoch 5/20.
[seed=125] Epoch 5: train_loss=1.6094, val_loss=1.6095, acc=0.2000, edit_dist=0.8480
[seed=125] Starting epoch 6/20...
[seed=125] Finished training for epoch 6/20.
[seed=125] Finished evaluation for epoch 6/20.
[seed=125] Epoch 6: train_loss=1.6099, val_loss=1.6095, acc=0.2000, edit_dist=0.8579
[seed=125] Starting epoch 7/20...
[seed=125] Finished training for epoch 7/20.
[seed=125] Finished evaluation for epoch 7/20.
[seed=125] Epoch 7: train_loss=1.6096, val_loss=1.6095, acc=0.2000, edit_dist=0.8509
[seed=125] Starting epoch 8/20...
[seed=125] Finished training for epoch 8/20.
[seed=125] Finished evaluation for epoch 8/20.
[seed=125] Epoch 8: train_loss=1.6096, val_loss=1.6095, acc=0.2000, edit_dist=0.8555
[seed=125] Starting epoch 9/20...
[seed=125] Finished training for epoch 9/20.
[seed=125] Finished evaluation for epoch 9/20.
[seed=125] Epoch 9: train_loss=1.6096, val_loss=1.6095, acc=0.2000, edit_dist=0.8547
[seed=125] Starting epoch 10/20...
[seed=125] Finished training for epoch 10/20.
[seed=125] Finished evaluation for epoch 10/20.
[seed=125] Epoch 10: train_loss=1.6095, val_loss=1.6095, acc=0.1997, edit_dist=0.8454
[seed=125] Starting epoch 11/20...
[seed=125] Finished training for epoch 11/20.
[seed=125] Finished evaluation for epoch 11/20.
[seed=125] Epoch 11: train_loss=1.6095, val_loss=1.6095, acc=0.2000, edit_dist=0.8448
[seed=125] Starting epoch 12/20...
[seed=125] Finished training for epoch 12/20.
[seed=125] Finished evaluation for epoch 12/20.
[seed=125] Epoch 12: train_loss=1.6096, val_loss=1.6094, acc=0.2000, edit_dist=0.8577
[seed=125] Starting epoch 13/20...
[seed=125] Finished training for epoch 13/20.
[seed=125] Finished evaluation for epoch 13/20.
[seed=125] Epoch 13: train_loss=1.6095, val_loss=1.6094, acc=0.2000, edit_dist=0.8527
[seed=125] Starting epoch 14/20...
[seed=125] Finished training for epoch 14/20.
[seed=125] Finished evaluation for epoch 14/20.
[seed=125] Epoch 14: train_loss=1.6093, val_loss=1.6095, acc=0.2000, edit_dist=0.8492
[seed=125] Starting epoch 15/20...
[seed=125] Finished training for epoch 15/20.
[seed=125] Finished evaluation for epoch 15/20.
[seed=125] Epoch 15: train_loss=1.6097, val_loss=1.6094, acc=0.2000, edit_dist=0.8600
[seed=125] Starting epoch 16/20...
[seed=125] Finished training for epoch 16/20.
[seed=125] Finished evaluation for epoch 16/20.
[seed=125] Epoch 16: train_loss=1.6094, val_loss=1.6095, acc=0.2000, edit_dist=0.8501
[seed=125] Starting epoch 17/20...
[seed=125] Finished training for epoch 17/20.
[seed=125] Finished evaluation for epoch 17/20.
[seed=125] Epoch 17: train_loss=1.6096, val_loss=1.6095, acc=0.2000, edit_dist=0.8432
[seed=125] Starting epoch 18/20...
[seed=125] Finished training for epoch 18/20.
[seed=125] Finished evaluation for epoch 18/20.
[seed=125] Epoch 18: train_loss=1.6095, val_loss=1.6094, acc=0.2000, edit_dist=0.8422
[seed=125] Starting epoch 19/20...
[seed=125] Finished training for epoch 19/20.
[seed=125] Finished evaluation for epoch 19/20.
[seed=125] Epoch 19: train_loss=1.6095, val_loss=1.6095, acc=0.2000, edit_dist=0.8468
[seed=125] Starting epoch 20/20...
[seed=125] Finished training for epoch 20/20.
[seed=125] Finished evaluation for epoch 20/20.
[seed=125] Epoch 20: train_loss=1.6094, val_loss=1.6095, acc=0.2000, edit_dist=0.8485
Starting denoising text classification experiment with args: Namespace(rule='gradient', embedding_dim=256, char_embed_dim=32, hidden_dim=128, encoder_layers=2, model_dim=256, num_heads=4, num_layers=2, ffn_dim=512, dropout=0.1, aux_dim=4, eta0=0.2, max_norm=1.0, ways=5, shots=1, queries=15, noise_type='substitution', noise_prob=0.0, epochs=20, episodes_per_epoch=200, val_episodes=100, lr=0.001, weight_decay=0.0005, clip_norm=5.0, device='auto', base_seed=123, seeds=3, output_path='experiments/results/denoising_text_rule-gradient_noise-substitution_prob-0.json')
Running denoising text classification experiment...
[seed=123] Starting epoch 1/20...
[seed=123] Finished training for epoch 1/20.
[seed=123] Finished evaluation for epoch 1/20.
[seed=123] Epoch 1: train_loss=1.6415, val_loss=1.6098, acc=0.1812, edit_dist=0.8016
[seed=123] Starting epoch 2/20...
[seed=123] Finished training for epoch 2/20.
[seed=123] Finished evaluation for epoch 2/20.
[seed=123] Epoch 2: train_loss=1.6206, val_loss=1.6094, acc=0.1936, edit_dist=0.8093
[seed=123] Starting epoch 3/20...
[seed=123] Finished training for epoch 3/20.
[seed=123] Finished evaluation for epoch 3/20.
[seed=123] Epoch 3: train_loss=1.6146, val_loss=1.6095, acc=0.1973, edit_dist=0.8018
[seed=123] Starting epoch 4/20...
[seed=123] Finished training for epoch 4/20.
[seed=123] Finished evaluation for epoch 4/20.
[seed=123] Epoch 4: train_loss=1.6115, val_loss=1.6095, acc=0.2000, edit_dist=0.8105
[seed=123] Starting epoch 5/20...
[seed=123] Finished training for epoch 5/20.
[seed=123] Finished evaluation for epoch 5/20.
[seed=123] Epoch 5: train_loss=1.6127, val_loss=1.6095, acc=0.2000, edit_dist=0.7996
[seed=123] Starting epoch 6/20...
[seed=123] Finished training for epoch 6/20.
[seed=123] Finished evaluation for epoch 6/20.
[seed=123] Epoch 6: train_loss=1.6116, val_loss=1.6095, acc=0.2000, edit_dist=0.8069
[seed=123] Starting epoch 7/20...
[seed=123] Finished training for epoch 7/20.
[seed=123] Finished evaluation for epoch 7/20.
[seed=123] Epoch 7: train_loss=1.6113, val_loss=1.6095, acc=0.2019, edit_dist=0.8056
[seed=123] Starting epoch 8/20...
[seed=123] Finished training for epoch 8/20.
[seed=123] Finished evaluation for epoch 8/20.
[seed=123] Epoch 8: train_loss=1.6116, val_loss=1.6096, acc=0.2000, edit_dist=0.8014
[seed=123] Starting epoch 9/20...
[seed=123] Finished training for epoch 9/20.
[seed=123] Finished evaluation for epoch 9/20.
[seed=123] Epoch 9: train_loss=1.6108, val_loss=1.6095, acc=0.2000, edit_dist=0.7991
[seed=123] Starting epoch 10/20...
[seed=123] Finished training for epoch 10/20.
[seed=123] Finished evaluation for epoch 10/20.
[seed=123] Epoch 10: train_loss=1.6102, val_loss=1.6095, acc=0.2000, edit_dist=0.7989
[seed=123] Starting epoch 11/20...
[seed=123] Finished training for epoch 11/20.
[seed=123] Finished evaluation for epoch 11/20.
[seed=123] Epoch 11: train_loss=1.6098, val_loss=1.6095, acc=0.2000, edit_dist=0.8100
[seed=123] Starting epoch 12/20...
[seed=123] Finished training for epoch 12/20.
[seed=123] Finished evaluation for epoch 12/20.
[seed=123] Epoch 12: train_loss=1.6098, val_loss=1.6095, acc=0.2000, edit_dist=0.8005
[seed=123] Starting epoch 13/20...
[seed=123] Finished training for epoch 13/20.
[seed=123] Finished evaluation for epoch 13/20.
[seed=123] Epoch 13: train_loss=1.6096, val_loss=1.6095, acc=0.2000, edit_dist=0.8011
[seed=123] Starting epoch 14/20...
[seed=123] Finished training for epoch 14/20.
[seed=123] Finished evaluation for epoch 14/20.
[seed=123] Epoch 14: train_loss=1.6097, val_loss=1.6095, acc=0.2000, edit_dist=0.8016
[seed=123] Starting epoch 15/20...
[seed=123] Finished training for epoch 15/20.
[seed=123] Finished evaluation for epoch 15/20.
[seed=123] Epoch 15: train_loss=1.6095, val_loss=1.6094, acc=0.2000, edit_dist=0.8205
[seed=123] Starting epoch 16/20...
[seed=123] Finished training for epoch 16/20.
[seed=123] Finished evaluation for epoch 16/20.
[seed=123] Epoch 16: train_loss=1.6095, val_loss=1.6094, acc=0.2000, edit_dist=0.7983
[seed=123] Starting epoch 17/20...
[seed=123] Finished training for epoch 17/20.
[seed=123] Finished evaluation for epoch 17/20.
[seed=123] Epoch 17: train_loss=1.6094, val_loss=1.6095, acc=0.2000, edit_dist=0.7972
[seed=123] Starting epoch 18/20...
[seed=123] Finished training for epoch 18/20.
[seed=123] Finished evaluation for epoch 18/20.
[seed=123] Epoch 18: train_loss=1.6094, val_loss=1.6096, acc=0.2000, edit_dist=0.8071
[seed=123] Starting epoch 19/20...
[seed=123] Finished training for epoch 19/20.
[seed=123] Finished evaluation for epoch 19/20.
[seed=123] Epoch 19: train_loss=1.6106, val_loss=1.6106, acc=0.1800, edit_dist=0.8038
[seed=123] Starting epoch 20/20...
[seed=123] Finished training for epoch 20/20.
[seed=123] Finished evaluation for epoch 20/20.
[seed=123] Epoch 20: train_loss=1.6097, val_loss=1.6094, acc=0.2180, edit_dist=0.8000
[seed=124] Starting epoch 1/20...
[seed=124] Finished training for epoch 1/20.
[seed=124] Finished evaluation for epoch 1/20.
[seed=124] Epoch 1: train_loss=1.6535, val_loss=1.6098, acc=0.2000, edit_dist=0.8046
[seed=124] Starting epoch 2/20...
[seed=124] Finished training for epoch 2/20.
[seed=124] Finished evaluation for epoch 2/20.
[seed=124] Epoch 2: train_loss=1.6138, val_loss=1.6098, acc=0.2000, edit_dist=0.8051
[seed=124] Starting epoch 3/20...
[seed=124] Finished training for epoch 3/20.
[seed=124] Finished evaluation for epoch 3/20.
[seed=124] Epoch 3: train_loss=1.6112, val_loss=1.6096, acc=0.2000, edit_dist=0.8101
[seed=124] Starting epoch 4/20...
[seed=124] Finished training for epoch 4/20.
[seed=124] Finished evaluation for epoch 4/20.
[seed=124] Epoch 4: train_loss=1.6106, val_loss=1.6095, acc=0.2000, edit_dist=0.8137
[seed=124] Starting epoch 5/20...
[seed=124] Finished training for epoch 5/20.
[seed=124] Finished evaluation for epoch 5/20.
[seed=124] Epoch 5: train_loss=1.6099, val_loss=1.6095, acc=0.2000, edit_dist=0.8055
[seed=124] Starting epoch 6/20...
[seed=124] Finished training for epoch 6/20.
[seed=124] Finished evaluation for epoch 6/20.
[seed=124] Epoch 6: train_loss=1.6096, val_loss=1.6095, acc=0.2000, edit_dist=0.8068
[seed=124] Starting epoch 7/20...
[seed=124] Finished training for epoch 7/20.
[seed=124] Finished evaluation for epoch 7/20.
[seed=124] Epoch 7: train_loss=1.6096, val_loss=1.6095, acc=0.2000, edit_dist=0.7976
[seed=124] Starting epoch 8/20...
[seed=124] Finished training for epoch 8/20.
[seed=124] Finished evaluation for epoch 8/20.
[seed=124] Epoch 8: train_loss=1.6096, val_loss=1.6095, acc=0.2000, edit_dist=0.8032
[seed=124] Starting epoch 9/20...
[seed=124] Finished training for epoch 9/20.
[seed=124] Finished evaluation for epoch 9/20.
[seed=124] Epoch 9: train_loss=1.6095, val_loss=1.6095, acc=0.2000, edit_dist=0.8086
[seed=124] Starting epoch 10/20...
[seed=124] Finished training for epoch 10/20.
[seed=124] Finished evaluation for epoch 10/20.
[seed=124] Epoch 10: train_loss=1.6095, val_loss=1.6095, acc=0.2000, edit_dist=0.8022
[seed=124] Starting epoch 11/20...
[seed=124] Finished training for epoch 11/20.
[seed=124] Finished evaluation for epoch 11/20.
[seed=124] Epoch 11: train_loss=1.6096, val_loss=1.6095, acc=0.2000, edit_dist=0.7992
[seed=124] Starting epoch 12/20...
[seed=124] Finished training for epoch 12/20.
[seed=124] Finished evaluation for epoch 12/20.
[seed=124] Epoch 12: train_loss=1.6096, val_loss=1.6094, acc=0.2000, edit_dist=0.8016
[seed=124] Starting epoch 13/20...
[seed=124] Finished training for epoch 13/20.
[seed=124] Finished evaluation for epoch 13/20.
[seed=124] Epoch 13: train_loss=1.6094, val_loss=1.6095, acc=0.2000, edit_dist=0.7990
[seed=124] Starting epoch 14/20...
[seed=124] Finished training for epoch 14/20.
[seed=124] Finished evaluation for epoch 14/20.
[seed=124] Epoch 14: train_loss=1.6096, val_loss=1.6095, acc=0.2000, edit_dist=0.8002
[seed=124] Starting epoch 15/20...
[seed=124] Finished training for epoch 15/20.
[seed=124] Finished evaluation for epoch 15/20.
[seed=124] Epoch 15: train_loss=1.6095, val_loss=1.6095, acc=0.2000, edit_dist=0.7995
[seed=124] Starting epoch 16/20...
[seed=124] Finished training for epoch 16/20.
[seed=124] Finished evaluation for epoch 16/20.
[seed=124] Epoch 16: train_loss=1.6095, val_loss=1.6094, acc=0.2000, edit_dist=0.8045
[seed=124] Starting epoch 17/20...
[seed=124] Finished training for epoch 17/20.
[seed=124] Finished evaluation for epoch 17/20.
[seed=124] Epoch 17: train_loss=1.6095, val_loss=1.6094, acc=0.2000, edit_dist=0.8127
[seed=124] Starting epoch 18/20...
[seed=124] Finished training for epoch 18/20.
[seed=124] Finished evaluation for epoch 18/20.
[seed=124] Epoch 18: train_loss=1.6095, val_loss=1.6094, acc=0.2000, edit_dist=0.8079
[seed=124] Starting epoch 19/20...
[seed=124] Finished training for epoch 19/20.
[seed=124] Finished evaluation for epoch 19/20.
[seed=124] Epoch 19: train_loss=1.6096, val_loss=1.6094, acc=0.2000, edit_dist=0.7993
[seed=124] Starting epoch 20/20...
[seed=124] Finished training for epoch 20/20.
[seed=124] Finished evaluation for epoch 20/20.
[seed=124] Epoch 20: train_loss=1.6096, val_loss=1.6094, acc=0.2000, edit_dist=0.7996
[seed=125] Starting epoch 1/20...
[seed=125] Finished training for epoch 1/20.
[seed=125] Finished evaluation for epoch 1/20.
[seed=125] Epoch 1: train_loss=1.6396, val_loss=1.6093, acc=0.2080, edit_dist=0.8153
[seed=125] Starting epoch 2/20...
[seed=125] Finished training for epoch 2/20.
[seed=125] Finished evaluation for epoch 2/20.
[seed=125] Epoch 2: train_loss=1.6119, val_loss=1.6076, acc=0.2140, edit_dist=0.8076
[seed=125] Starting epoch 3/20...
[seed=125] Finished training for epoch 3/20.
[seed=125] Finished evaluation for epoch 3/20.
[seed=125] Epoch 3: train_loss=1.6116, val_loss=1.6095, acc=0.2200, edit_dist=0.8069
[seed=125] Starting epoch 4/20...
[seed=125] Finished training for epoch 4/20.
[seed=125] Finished evaluation for epoch 4/20.
[seed=125] Epoch 4: train_loss=1.6104, val_loss=1.6096, acc=0.1800, edit_dist=0.7939
[seed=125] Starting epoch 5/20...
[seed=125] Finished training for epoch 5/20.
[seed=125] Finished evaluation for epoch 5/20.
[seed=125] Epoch 5: train_loss=1.6101, val_loss=1.6095, acc=0.2000, edit_dist=0.7970
[seed=125] Starting epoch 6/20...
[seed=125] Finished training for epoch 6/20.
[seed=125] Finished evaluation for epoch 6/20.
[seed=125] Epoch 6: train_loss=1.6099, val_loss=1.6095, acc=0.2000, edit_dist=0.8036
[seed=125] Starting epoch 7/20...
[seed=125] Finished training for epoch 7/20.
[seed=125] Finished evaluation for epoch 7/20.
[seed=125] Epoch 7: train_loss=1.6097, val_loss=1.6094, acc=0.2000, edit_dist=0.7974
[seed=125] Starting epoch 8/20...
[seed=125] Finished training for epoch 8/20.
[seed=125] Finished evaluation for epoch 8/20.
[seed=125] Epoch 8: train_loss=1.6096, val_loss=1.6095, acc=0.2000, edit_dist=0.7966
[seed=125] Starting epoch 9/20...
[seed=125] Finished training for epoch 9/20.
[seed=125] Finished evaluation for epoch 9/20.
[seed=125] Epoch 9: train_loss=1.6097, val_loss=1.6095, acc=0.2000, edit_dist=0.8057
[seed=125] Starting epoch 10/20...
[seed=125] Finished training for epoch 10/20.
[seed=125] Finished evaluation for epoch 10/20.
[seed=125] Epoch 10: train_loss=1.6095, val_loss=1.6095, acc=0.2000, edit_dist=0.7970
[seed=125] Starting epoch 11/20...
[seed=125] Finished training for epoch 11/20.
[seed=125] Finished evaluation for epoch 11/20.
[seed=125] Epoch 11: train_loss=1.6095, val_loss=1.6094, acc=0.2000, edit_dist=0.8095
[seed=125] Starting epoch 12/20...
[seed=125] Finished training for epoch 12/20.
[seed=125] Finished evaluation for epoch 12/20.
[seed=125] Epoch 12: train_loss=1.6095, val_loss=1.6095, acc=0.2000, edit_dist=0.7932
[seed=125] Starting epoch 13/20...
[seed=125] Finished training for epoch 13/20.
[seed=125] Finished evaluation for epoch 13/20.
[seed=125] Epoch 13: train_loss=1.6096, val_loss=1.6095, acc=0.2000, edit_dist=0.8165
[seed=125] Starting epoch 14/20...
[seed=125] Finished training for epoch 14/20.
[seed=125] Finished evaluation for epoch 14/20.
[seed=125] Epoch 14: train_loss=1.6097, val_loss=1.6095, acc=0.2000, edit_dist=0.8012
[seed=125] Starting epoch 15/20...
[seed=125] Finished training for epoch 15/20.
[seed=125] Finished evaluation for epoch 15/20.
[seed=125] Epoch 15: train_loss=1.6095, val_loss=1.6095, acc=0.2000, edit_dist=0.8050
[seed=125] Starting epoch 16/20...
[seed=125] Finished training for epoch 16/20.
[seed=125] Finished evaluation for epoch 16/20.
[seed=125] Epoch 16: train_loss=1.6095, val_loss=1.6095, acc=0.2000, edit_dist=0.7940
[seed=125] Starting epoch 17/20...
[seed=125] Finished training for epoch 17/20.
[seed=125] Finished evaluation for epoch 17/20.
[seed=125] Epoch 17: train_loss=1.6095, val_loss=1.6095, acc=0.2000, edit_dist=0.7923
[seed=125] Starting epoch 18/20...
[seed=125] Finished training for epoch 18/20.
[seed=125] Finished evaluation for epoch 18/20.
[seed=125] Epoch 18: train_loss=1.6095, val_loss=1.6094, acc=0.2000, edit_dist=0.7952
[seed=125] Starting epoch 19/20...
[seed=125] Finished training for epoch 19/20.
[seed=125] Finished evaluation for epoch 19/20.
[seed=125] Epoch 19: train_loss=1.6094, val_loss=1.6095, acc=0.2000, edit_dist=0.8117
[seed=125] Starting epoch 20/20...
[seed=125] Finished training for epoch 20/20.
[seed=125] Finished evaluation for epoch 20/20.
[seed=125] Epoch 20: train_loss=1.6095, val_loss=1.6094, acc=0.2000, edit_dist=0.8032
Starting denoising text classification experiment with args: Namespace(rule='gradient', embedding_dim=256, char_embed_dim=32, hidden_dim=128, encoder_layers=2, model_dim=256, num_heads=4, num_layers=2, ffn_dim=512, dropout=0.1, aux_dim=4, eta0=0.2, max_norm=1.0, ways=5, shots=1, queries=15, noise_type='substitution', noise_prob=0.1, epochs=20, episodes_per_epoch=200, val_episodes=100, lr=0.001, weight_decay=0.0005, clip_norm=5.0, device='auto', base_seed=123, seeds=3, output_path='experiments/results/denoising_text_rule-gradient_noise-substitution_prob-01.json')
Running denoising text classification experiment...
[seed=123] Starting epoch 1/20...
[seed=123] Finished training for epoch 1/20.
[seed=123] Finished evaluation for epoch 1/20.
[seed=123] Epoch 1: train_loss=1.6390, val_loss=1.6095, acc=0.2057, edit_dist=0.8255
[seed=123] Starting epoch 2/20...
[seed=123] Finished training for epoch 2/20.
[seed=123] Finished evaluation for epoch 2/20.
[seed=123] Epoch 2: train_loss=1.6134, val_loss=1.6099, acc=0.2000, edit_dist=0.8252
[seed=123] Starting epoch 3/20...
[seed=123] Finished training for epoch 3/20.
[seed=123] Finished evaluation for epoch 3/20.
[seed=123] Epoch 3: train_loss=1.6106, val_loss=1.6094, acc=0.2000, edit_dist=0.8391
[seed=123] Starting epoch 4/20...
[seed=123] Finished training for epoch 4/20.
[seed=123] Finished evaluation for epoch 4/20.
[seed=123] Epoch 4: train_loss=1.6101, val_loss=1.6097, acc=0.2080, edit_dist=0.8317
[seed=123] Starting epoch 5/20...
[seed=123] Finished training for epoch 5/20.
[seed=123] Finished evaluation for epoch 5/20.
[seed=123] Epoch 5: train_loss=1.6104, val_loss=1.6091, acc=0.2120, edit_dist=0.8292
[seed=123] Starting epoch 6/20...
[seed=123] Finished training for epoch 6/20.
[seed=123] Finished evaluation for epoch 6/20.
[seed=123] Epoch 6: train_loss=1.6102, val_loss=1.6102, acc=0.1640, edit_dist=0.8304
[seed=123] Starting epoch 7/20...
[seed=123] Finished training for epoch 7/20.
[seed=123] Finished evaluation for epoch 7/20.
[seed=123] Epoch 7: train_loss=1.6098, val_loss=1.6095, acc=0.2060, edit_dist=0.8305
[seed=123] Starting epoch 8/20...
[seed=123] Finished training for epoch 8/20.
[seed=123] Finished evaluation for epoch 8/20.
[seed=123] Epoch 8: train_loss=1.6095, val_loss=1.6103, acc=0.2000, edit_dist=0.8244
[seed=123] Starting epoch 9/20...
[seed=123] Finished training for epoch 9/20.
[seed=123] Finished evaluation for epoch 9/20.
[seed=123] Epoch 9: train_loss=1.6098, val_loss=1.6099, acc=0.1860, edit_dist=0.8246
[seed=123] Starting epoch 10/20...
[seed=123] Finished training for epoch 10/20.
[seed=123] Finished evaluation for epoch 10/20.
[seed=123] Epoch 10: train_loss=1.6097, val_loss=1.6094, acc=0.2000, edit_dist=0.8276
[seed=123] Starting epoch 11/20...
[seed=123] Finished training for epoch 11/20.
[seed=123] Finished evaluation for epoch 11/20.
[seed=123] Epoch 11: train_loss=1.6097, val_loss=1.6095, acc=0.2000, edit_dist=0.8350
[seed=123] Starting epoch 12/20...
[seed=123] Finished training for epoch 12/20.
[seed=123] Finished evaluation for epoch 12/20.
[seed=123] Epoch 12: train_loss=1.6095, val_loss=1.6095, acc=0.2000, edit_dist=0.8319
[seed=123] Starting epoch 13/20...
[seed=123] Finished training for epoch 13/20.
[seed=123] Finished evaluation for epoch 13/20.
[seed=123] Epoch 13: train_loss=1.6096, val_loss=1.6094, acc=0.2160, edit_dist=0.8318
[seed=123] Starting epoch 14/20...
[seed=123] Finished training for epoch 14/20.
[seed=123] Finished evaluation for epoch 14/20.
[seed=123] Epoch 14: train_loss=1.6096, val_loss=1.6094, acc=0.1980, edit_dist=0.8296
[seed=123] Starting epoch 15/20...
[seed=123] Finished training for epoch 15/20.
[seed=123] Finished evaluation for epoch 15/20.
[seed=123] Epoch 15: train_loss=1.6095, val_loss=1.6094, acc=0.2000, edit_dist=0.8218
[seed=123] Starting epoch 16/20...
[seed=123] Finished training for epoch 16/20.
[seed=123] Finished evaluation for epoch 16/20.
[seed=123] Epoch 16: train_loss=1.6094, val_loss=1.6098, acc=0.1980, edit_dist=0.8367
[seed=123] Starting epoch 17/20...
[seed=123] Finished training for epoch 17/20.
[seed=123] Finished evaluation for epoch 17/20.
[seed=123] Epoch 17: train_loss=1.6105, val_loss=1.6095, acc=0.1960, edit_dist=0.8361
[seed=123] Starting epoch 18/20...
[seed=123] Finished training for epoch 18/20.
[seed=123] Finished evaluation for epoch 18/20.
[seed=123] Epoch 18: train_loss=1.6095, val_loss=1.6091, acc=0.1960, edit_dist=0.8368
[seed=123] Starting epoch 19/20...
[seed=123] Finished training for epoch 19/20.
[seed=123] Finished evaluation for epoch 19/20.
[seed=123] Epoch 19: train_loss=1.6095, val_loss=1.6088, acc=0.1960, edit_dist=0.8245
[seed=123] Starting epoch 20/20...
[seed=123] Finished training for epoch 20/20.
[seed=123] Finished evaluation for epoch 20/20.
[seed=123] Epoch 20: train_loss=1.6108, val_loss=1.6105, acc=0.1900, edit_dist=0.8379
[seed=124] Starting epoch 1/20...
[seed=124] Finished training for epoch 1/20.
[seed=124] Finished evaluation for epoch 1/20.
[seed=124] Epoch 1: train_loss=1.6395, val_loss=1.6116, acc=0.2005, edit_dist=0.8212
[seed=124] Starting epoch 2/20...
[seed=124] Finished training for epoch 2/20.
[seed=124] Finished evaluation for epoch 2/20.
[seed=124] Epoch 2: train_loss=1.6142, val_loss=1.6102, acc=0.2004, edit_dist=0.8297
[seed=124] Starting epoch 3/20...
[seed=124] Finished training for epoch 3/20.
[seed=124] Finished evaluation for epoch 3/20.
[seed=124] Epoch 3: train_loss=1.6118, val_loss=1.6095, acc=0.2000, edit_dist=0.8273
[seed=124] Starting epoch 4/20...
[seed=124] Finished training for epoch 4/20.
[seed=124] Finished evaluation for epoch 4/20.
[seed=124] Epoch 4: train_loss=1.6121, val_loss=1.6095, acc=0.2380, edit_dist=0.8221
[seed=124] Starting epoch 5/20...
[seed=124] Finished training for epoch 5/20.
[seed=124] Finished evaluation for epoch 5/20.
[seed=124] Epoch 5: train_loss=1.6106, val_loss=1.6095, acc=0.2000, edit_dist=0.8329
[seed=124] Starting epoch 6/20...
[seed=124] Finished training for epoch 6/20.
[seed=124] Finished evaluation for epoch 6/20.
[seed=124] Epoch 6: train_loss=1.6099, val_loss=1.6095, acc=0.2000, edit_dist=0.8278
[seed=124] Starting epoch 7/20...
[seed=124] Finished training for epoch 7/20.
[seed=124] Finished evaluation for epoch 7/20.
[seed=124] Epoch 7: train_loss=1.6099, val_loss=1.6095, acc=0.2000, edit_dist=0.8251
[seed=124] Starting epoch 8/20...
[seed=124] Finished training for epoch 8/20.
[seed=124] Finished evaluation for epoch 8/20.
[seed=124] Epoch 8: train_loss=1.6095, val_loss=1.6095, acc=0.2000, edit_dist=0.8224
[seed=124] Starting epoch 9/20...
[seed=124] Finished training for epoch 9/20.
[seed=124] Finished evaluation for epoch 9/20.
[seed=124] Epoch 9: train_loss=1.6097, val_loss=1.6095, acc=0.2000, edit_dist=0.8240
[seed=124] Starting epoch 10/20...
[seed=124] Finished training for epoch 10/20.
[seed=124] Finished evaluation for epoch 10/20.
[seed=124] Epoch 10: train_loss=1.6095, val_loss=1.6095, acc=0.2000, edit_dist=0.8226
[seed=124] Starting epoch 11/20...
[seed=124] Finished training for epoch 11/20.
[seed=124] Finished evaluation for epoch 11/20.
[seed=124] Epoch 11: train_loss=1.6096, val_loss=1.6094, acc=0.2000, edit_dist=0.8254
[seed=124] Starting epoch 12/20...
[seed=124] Finished training for epoch 12/20.
[seed=124] Finished evaluation for epoch 12/20.
[seed=124] Epoch 12: train_loss=1.6096, val_loss=1.6094, acc=0.2000, edit_dist=0.8246
[seed=124] Starting epoch 13/20...
[seed=124] Finished training for epoch 13/20.
[seed=124] Finished evaluation for epoch 13/20.
[seed=124] Epoch 13: train_loss=1.6095, val_loss=1.6094, acc=0.2000, edit_dist=0.8283
[seed=124] Starting epoch 14/20...
[seed=124] Finished training for epoch 14/20.
[seed=124] Finished evaluation for epoch 14/20.
[seed=124] Epoch 14: train_loss=1.6095, val_loss=1.6094, acc=0.2000, edit_dist=0.8274
[seed=124] Starting epoch 15/20...
[seed=124] Finished training for epoch 15/20.
[seed=124] Finished evaluation for epoch 15/20.
[seed=124] Epoch 15: train_loss=1.6095, val_loss=1.6094, acc=0.2000, edit_dist=0.8236
[seed=124] Starting epoch 16/20...
[seed=124] Finished training for epoch 16/20.
[seed=124] Finished evaluation for epoch 16/20.
[seed=124] Epoch 16: train_loss=1.6096, val_loss=1.6094, acc=0.2000, edit_dist=0.8274
[seed=124] Starting epoch 17/20...
[seed=124] Finished training for epoch 17/20.
[seed=124] Finished evaluation for epoch 17/20.
[seed=124] Epoch 17: train_loss=1.6095, val_loss=1.6094, acc=0.2000, edit_dist=0.8235
[seed=124] Starting epoch 18/20...
[seed=124] Finished training for epoch 18/20.
[seed=124] Finished evaluation for epoch 18/20.
[seed=124] Epoch 18: train_loss=1.6094, val_loss=1.6095, acc=0.2000, edit_dist=0.8281
[seed=124] Starting epoch 19/20...
[seed=124] Finished training for epoch 19/20.
[seed=124] Finished evaluation for epoch 19/20.
[seed=124] Epoch 19: train_loss=1.6095, val_loss=1.6094, acc=0.2000, edit_dist=0.8258
[seed=124] Starting epoch 20/20...
[seed=124] Finished training for epoch 20/20.
[seed=124] Finished evaluation for epoch 20/20.
[seed=124] Epoch 20: train_loss=1.6094, val_loss=1.6094, acc=0.2000, edit_dist=0.8298
[seed=125] Starting epoch 1/20...
[seed=125] Finished training for epoch 1/20.
[seed=125] Finished evaluation for epoch 1/20.
[seed=125] Epoch 1: train_loss=1.6431, val_loss=1.6110, acc=0.1972, edit_dist=0.8185
[seed=125] Starting epoch 2/20...
[seed=125] Finished training for epoch 2/20.
[seed=125] Finished evaluation for epoch 2/20.
[seed=125] Epoch 2: train_loss=1.6136, val_loss=1.6095, acc=0.2000, edit_dist=0.8250
[seed=125] Starting epoch 3/20...
[seed=125] Finished training for epoch 3/20.
[seed=125] Finished evaluation for epoch 3/20.
[seed=125] Epoch 3: train_loss=1.6108, val_loss=1.6096, acc=0.2000, edit_dist=0.8340
[seed=125] Starting epoch 4/20...
[seed=125] Finished training for epoch 4/20.
[seed=125] Finished evaluation for epoch 4/20.
[seed=125] Epoch 4: train_loss=1.6099, val_loss=1.6095, acc=0.2000, edit_dist=0.8262
[seed=125] Starting epoch 5/20...
[seed=125] Finished training for epoch 5/20.
[seed=125] Finished evaluation for epoch 5/20.
[seed=125] Epoch 5: train_loss=1.6097, val_loss=1.6095, acc=0.2000, edit_dist=0.8249
[seed=125] Starting epoch 6/20...
[seed=125] Finished training for epoch 6/20.
[seed=125] Finished evaluation for epoch 6/20.
[seed=125] Epoch 6: train_loss=1.6098, val_loss=1.6095, acc=0.2000, edit_dist=0.8342
[seed=125] Starting epoch 7/20...
[seed=125] Finished training for epoch 7/20.
[seed=125] Finished evaluation for epoch 7/20.
[seed=125] Epoch 7: train_loss=1.6096, val_loss=1.6095, acc=0.2000, edit_dist=0.8309
[seed=125] Starting epoch 8/20...
[seed=125] Finished training for epoch 8/20.
[seed=125] Finished evaluation for epoch 8/20.
[seed=125] Epoch 8: train_loss=1.6097, val_loss=1.6095, acc=0.2000, edit_dist=0.8316
[seed=125] Starting epoch 9/20...
[seed=125] Finished training for epoch 9/20.
[seed=125] Finished evaluation for epoch 9/20.
[seed=125] Epoch 9: train_loss=1.6096, val_loss=1.6094, acc=0.2000, edit_dist=0.8191
[seed=125] Starting epoch 10/20...
[seed=125] Finished training for epoch 10/20.
[seed=125] Finished evaluation for epoch 10/20.
[seed=125] Epoch 10: train_loss=1.6095, val_loss=1.6094, acc=0.2000, edit_dist=0.8270
[seed=125] Starting epoch 11/20...
[seed=125] Finished training for epoch 11/20.
[seed=125] Finished evaluation for epoch 11/20.
[seed=125] Epoch 11: train_loss=1.6093, val_loss=1.6094, acc=0.2000, edit_dist=0.8270
[seed=125] Starting epoch 12/20...
[seed=125] Finished training for epoch 12/20.
[seed=125] Finished evaluation for epoch 12/20.
[seed=125] Epoch 12: train_loss=1.6095, val_loss=1.6094, acc=0.2000, edit_dist=0.8315
[seed=125] Starting epoch 13/20...
[seed=125] Finished training for epoch 13/20.
[seed=125] Finished evaluation for epoch 13/20.
[seed=125] Epoch 13: train_loss=1.6096, val_loss=1.6094, acc=0.2000, edit_dist=0.8179
[seed=125] Starting epoch 14/20...
[seed=125] Finished training for epoch 14/20.
[seed=125] Finished evaluation for epoch 14/20.
[seed=125] Epoch 14: train_loss=1.6094, val_loss=1.6096, acc=0.2000, edit_dist=0.8357
[seed=125] Starting epoch 15/20...
[seed=125] Finished training for epoch 15/20.
[seed=125] Finished evaluation for epoch 15/20.
[seed=125] Epoch 15: train_loss=1.6095, val_loss=1.6095, acc=0.2000, edit_dist=0.8307
[seed=125] Starting epoch 16/20...
[seed=125] Finished training for epoch 16/20.
[seed=125] Finished evaluation for epoch 16/20.
[seed=125] Epoch 16: train_loss=1.6094, val_loss=1.6095, acc=0.2000, edit_dist=0.8204
[seed=125] Starting epoch 17/20...
[seed=125] Finished training for epoch 17/20.
[seed=125] Finished evaluation for epoch 17/20.
[seed=125] Epoch 17: train_loss=1.6095, val_loss=1.6095, acc=0.2000, edit_dist=0.8378
[seed=125] Starting epoch 18/20...
[seed=125] Finished training for epoch 18/20.
[seed=125] Finished evaluation for epoch 18/20.
[seed=125] Epoch 18: train_loss=1.6095, val_loss=1.6094, acc=0.2000, edit_dist=0.8266
[seed=125] Starting epoch 19/20...
[seed=125] Finished training for epoch 19/20.
[seed=125] Finished evaluation for epoch 19/20.
[seed=125] Epoch 19: train_loss=1.6095, val_loss=1.6094, acc=0.2000, edit_dist=0.8165
[seed=125] Starting epoch 20/20...
[seed=125] Finished training for epoch 20/20.
[seed=125] Finished evaluation for epoch 20/20.
[seed=125] Epoch 20: train_loss=1.6096, val_loss=1.6094, acc=0.2000, edit_dist=0.8305
Starting denoising text classification experiment with args: Namespace(rule='gradient', embedding_dim=256, char_embed_dim=32, hidden_dim=128, encoder_layers=2, model_dim=256, num_heads=4, num_layers=2, ffn_dim=512, dropout=0.1, aux_dim=4, eta0=0.2, max_norm=1.0, ways=5, shots=1, queries=15, noise_type='substitution', noise_prob=0.2, epochs=20, episodes_per_epoch=200, val_episodes=100, lr=0.001, weight_decay=0.0005, clip_norm=5.0, device='auto', base_seed=123, seeds=3, output_path='experiments/results/denoising_text_rule-gradient_noise-substitution_prob-02.json')
Running denoising text classification experiment...
[seed=123] Starting epoch 1/20...
[seed=123] Finished training for epoch 1/20.
[seed=123] Finished evaluation for epoch 1/20.
[seed=123] Epoch 1: train_loss=1.6411, val_loss=1.6104, acc=0.2000, edit_dist=0.8566
[seed=123] Starting epoch 2/20...
[seed=123] Finished training for epoch 2/20.
[seed=123] Finished evaluation for epoch 2/20.
[seed=123] Epoch 2: train_loss=1.6127, val_loss=1.6097, acc=0.2000, edit_dist=0.8489
[seed=123] Starting epoch 3/20...
[seed=123] Finished training for epoch 3/20.
[seed=123] Finished evaluation for epoch 3/20.
[seed=123] Epoch 3: train_loss=1.6106, val_loss=1.6096, acc=0.2000, edit_dist=0.8589
[seed=123] Starting epoch 4/20...
[seed=123] Finished training for epoch 4/20.
[seed=123] Finished evaluation for epoch 4/20.
[seed=123] Epoch 4: train_loss=1.6098, val_loss=1.6095, acc=0.2000, edit_dist=0.8513
[seed=123] Starting epoch 5/20...
[seed=123] Finished training for epoch 5/20.
[seed=123] Finished evaluation for epoch 5/20.
[seed=123] Epoch 5: train_loss=1.6098, val_loss=1.6095, acc=0.2000, edit_dist=0.8542
[seed=123] Starting epoch 6/20...
[seed=123] Finished training for epoch 6/20.
[seed=123] Finished evaluation for epoch 6/20.
[seed=123] Epoch 6: train_loss=1.6097, val_loss=1.6095, acc=0.2000, edit_dist=0.8568
[seed=123] Starting epoch 7/20...
[seed=123] Finished training for epoch 7/20.
[seed=123] Finished evaluation for epoch 7/20.
[seed=123] Epoch 7: train_loss=1.6095, val_loss=1.6095, acc=0.2000, edit_dist=0.8625
[seed=123] Starting epoch 8/20...
[seed=123] Finished training for epoch 8/20.
[seed=123] Finished evaluation for epoch 8/20.
[seed=123] Epoch 8: train_loss=1.6096, val_loss=1.6095, acc=0.2000, edit_dist=0.8514
[seed=123] Starting epoch 9/20...
[seed=123] Finished training for epoch 9/20.
[seed=123] Finished evaluation for epoch 9/20.
[seed=123] Epoch 9: train_loss=1.6096, val_loss=1.6095, acc=0.2000, edit_dist=0.8560
[seed=123] Starting epoch 10/20...
[seed=123] Finished training for epoch 10/20.
[seed=123] Finished evaluation for epoch 10/20.
[seed=123] Epoch 10: train_loss=1.6096, val_loss=1.6094, acc=0.2000, edit_dist=0.8559
[seed=123] Starting epoch 11/20...
[seed=123] Finished training for epoch 11/20.
[seed=123] Finished evaluation for epoch 11/20.
[seed=123] Epoch 11: train_loss=1.6095, val_loss=1.6094, acc=0.2000, edit_dist=0.8563
[seed=123] Starting epoch 12/20...
[seed=123] Finished training for epoch 12/20.
[seed=123] Finished evaluation for epoch 12/20.
[seed=123] Epoch 12: train_loss=1.6095, val_loss=1.6095, acc=0.2000, edit_dist=0.8532
[seed=123] Starting epoch 13/20...
[seed=123] Finished training for epoch 13/20.
[seed=123] Finished evaluation for epoch 13/20.
[seed=123] Epoch 13: train_loss=1.6096, val_loss=1.6094, acc=0.2000, edit_dist=0.8483
[seed=123] Starting epoch 14/20...
[seed=123] Finished training for epoch 14/20.
[seed=123] Finished evaluation for epoch 14/20.
[seed=123] Epoch 14: train_loss=1.6094, val_loss=1.6095, acc=0.2000, edit_dist=0.8571
[seed=123] Starting epoch 15/20...
[seed=123] Finished training for epoch 15/20.
[seed=123] Finished evaluation for epoch 15/20.
[seed=123] Epoch 15: train_loss=1.6095, val_loss=1.6095, acc=0.2000, edit_dist=0.8486
[seed=123] Starting epoch 16/20...
[seed=123] Finished training for epoch 16/20.
[seed=123] Finished evaluation for epoch 16/20.
[seed=123] Epoch 16: train_loss=1.6095, val_loss=1.6095, acc=0.2000, edit_dist=0.8465
[seed=123] Starting epoch 17/20...
[seed=123] Finished training for epoch 17/20.
[seed=123] Finished evaluation for epoch 17/20.
[seed=123] Epoch 17: train_loss=1.6096, val_loss=1.6095, acc=0.2000, edit_dist=0.8528
[seed=123] Starting epoch 18/20...
[seed=123] Finished training for epoch 18/20.
[seed=123] Finished evaluation for epoch 18/20.
[seed=123] Epoch 18: train_loss=1.6095, val_loss=1.6094, acc=0.2000, edit_dist=0.8570
[seed=123] Starting epoch 19/20...
[seed=123] Finished training for epoch 19/20.
[seed=123] Finished evaluation for epoch 19/20.
[seed=123] Epoch 19: train_loss=1.6095, val_loss=1.6095, acc=0.2000, edit_dist=0.8507
[seed=123] Starting epoch 20/20...
[seed=123] Finished training for epoch 20/20.
[seed=123] Finished evaluation for epoch 20/20.
[seed=123] Epoch 20: train_loss=1.6095, val_loss=1.6095, acc=0.2000, edit_dist=0.8601
[seed=124] Starting epoch 1/20...
[seed=124] Finished training for epoch 1/20.
[seed=124] Finished evaluation for epoch 1/20.
[seed=124] Epoch 1: train_loss=1.6419, val_loss=1.6107, acc=0.2000, edit_dist=0.8555
[seed=124] Starting epoch 2/20...
[seed=124] Finished training for epoch 2/20.
[seed=124] Finished evaluation for epoch 2/20.
[seed=124] Epoch 2: train_loss=1.6136, val_loss=1.6103, acc=0.2000, edit_dist=0.8559
[seed=124] Starting epoch 3/20...
[seed=124] Finished training for epoch 3/20.
[seed=124] Finished evaluation for epoch 3/20.
[seed=124] Epoch 3: train_loss=1.6108, val_loss=1.6097, acc=0.2000, edit_dist=0.8616
[seed=124] Starting epoch 4/20...
[seed=124] Finished training for epoch 4/20.
[seed=124] Finished evaluation for epoch 4/20.
[seed=124] Epoch 4: train_loss=1.6098, val_loss=1.6096, acc=0.2000, edit_dist=0.8575
[seed=124] Starting epoch 5/20...
[seed=124] Finished training for epoch 5/20.
[seed=124] Finished evaluation for epoch 5/20.
[seed=124] Epoch 5: train_loss=1.6097, val_loss=1.6095, acc=0.2000, edit_dist=0.8532
[seed=124] Starting epoch 6/20...
[seed=124] Finished training for epoch 6/20.
[seed=124] Finished evaluation for epoch 6/20.
[seed=124] Epoch 6: train_loss=1.6096, val_loss=1.6095, acc=0.2000, edit_dist=0.8505
[seed=124] Starting epoch 7/20...
[seed=124] Finished training for epoch 7/20.
[seed=124] Finished evaluation for epoch 7/20.
[seed=124] Epoch 7: train_loss=1.6097, val_loss=1.6095, acc=0.2000, edit_dist=0.8531
[seed=124] Starting epoch 8/20...
[seed=124] Finished training for epoch 8/20.
[seed=124] Finished evaluation for epoch 8/20.
[seed=124] Epoch 8: train_loss=1.6095, val_loss=1.6094, acc=0.2000, edit_dist=0.8516
[seed=124] Starting epoch 9/20...
[seed=124] Finished training for epoch 9/20.
[seed=124] Finished evaluation for epoch 9/20.
[seed=124] Epoch 9: train_loss=1.6095, val_loss=1.6095, acc=0.2000, edit_dist=0.8625
[seed=124] Starting epoch 10/20...
[seed=124] Finished training for epoch 10/20.
[seed=124] Finished evaluation for epoch 10/20.
[seed=124] Epoch 10: train_loss=1.6095, val_loss=1.6095, acc=0.2000, edit_dist=0.8528
[seed=124] Starting epoch 11/20...
[seed=124] Finished training for epoch 11/20.
[seed=124] Finished evaluation for epoch 11/20.
[seed=124] Epoch 11: train_loss=1.6095, val_loss=1.6096, acc=0.2000, edit_dist=0.8476
[seed=124] Starting epoch 12/20...
[seed=124] Finished training for epoch 12/20.
[seed=124] Finished evaluation for epoch 12/20.
[seed=124] Epoch 12: train_loss=1.6096, val_loss=1.6094, acc=0.2000, edit_dist=0.8510
[seed=124] Starting epoch 13/20...
[seed=124] Finished training for epoch 13/20.
[seed=124] Finished evaluation for epoch 13/20.
[seed=124] Epoch 13: train_loss=1.6094, val_loss=1.6094, acc=0.2000, edit_dist=0.8539
[seed=124] Starting epoch 14/20...
[seed=124] Finished training for epoch 14/20.
[seed=124] Finished evaluation for epoch 14/20.
[seed=124] Epoch 14: train_loss=1.6094, val_loss=1.6094, acc=0.2000, edit_dist=0.8571
[seed=124] Starting epoch 15/20...
[seed=124] Finished training for epoch 15/20.
[seed=124] Finished evaluation for epoch 15/20.
[seed=124] Epoch 15: train_loss=1.6096, val_loss=1.6095, acc=0.2000, edit_dist=0.8538
[seed=124] Starting epoch 16/20...
[seed=124] Finished training for epoch 16/20.
[seed=124] Finished evaluation for epoch 16/20.
[seed=124] Epoch 16: train_loss=1.6095, val_loss=1.6094, acc=0.2000, edit_dist=0.8489
[seed=124] Starting epoch 17/20...
[seed=124] Finished training for epoch 17/20.
[seed=124] Finished evaluation for epoch 17/20.
[seed=124] Epoch 17: train_loss=1.6095, val_loss=1.6095, acc=0.2000, edit_dist=0.8511
[seed=124] Starting epoch 18/20...
[seed=124] Finished training for epoch 18/20.
[seed=124] Finished evaluation for epoch 18/20.
[seed=124] Epoch 18: train_loss=1.6096, val_loss=1.6095, acc=0.2000, edit_dist=0.8450
[seed=124] Starting epoch 19/20...
[seed=124] Finished training for epoch 19/20.
[seed=124] Finished evaluation for epoch 19/20.
[seed=124] Epoch 19: train_loss=1.6095, val_loss=1.6095, acc=0.2000, edit_dist=0.8545
[seed=124] Starting epoch 20/20...
[seed=124] Finished training for epoch 20/20.
[seed=124] Finished evaluation for epoch 20/20.
[seed=124] Epoch 20: train_loss=1.6095, val_loss=1.6094, acc=0.2000, edit_dist=0.8614
[seed=125] Starting epoch 1/20...
[seed=125] Finished training for epoch 1/20.
[seed=125] Finished evaluation for epoch 1/20.
[seed=125] Epoch 1: train_loss=1.6435, val_loss=1.6104, acc=0.2060, edit_dist=0.8473
[seed=125] Starting epoch 2/20...
[seed=125] Finished training for epoch 2/20.
[seed=125] Finished evaluation for epoch 2/20.
[seed=125] Epoch 2: train_loss=1.6142, val_loss=1.6095, acc=0.1880, edit_dist=0.8530
[seed=125] Starting epoch 3/20...
[seed=125] Finished training for epoch 3/20.
[seed=125] Finished evaluation for epoch 3/20.
[seed=125] Epoch 3: train_loss=1.6129, val_loss=1.6096, acc=0.1980, edit_dist=0.8374
[seed=125] Starting epoch 4/20...
[seed=125] Finished training for epoch 4/20.
[seed=125] Finished evaluation for epoch 4/20.
[seed=125] Epoch 4: train_loss=1.6110, val_loss=1.6095, acc=0.2000, edit_dist=0.8520
[seed=125] Starting epoch 5/20...
[seed=125] Finished training for epoch 5/20.
[seed=125] Finished evaluation for epoch 5/20.
[seed=125] Epoch 5: train_loss=1.6098, val_loss=1.6095, acc=0.2000, edit_dist=0.8480
[seed=125] Starting epoch 6/20...
[seed=125] Finished training for epoch 6/20.
[seed=125] Finished evaluation for epoch 6/20.
[seed=125] Epoch 6: train_loss=1.6100, val_loss=1.6095, acc=0.2000, edit_dist=0.8579
[seed=125] Starting epoch 7/20...
[seed=125] Finished training for epoch 7/20.
[seed=125] Finished evaluation for epoch 7/20.
[seed=125] Epoch 7: train_loss=1.6095, val_loss=1.6095, acc=0.1940, edit_dist=0.8509
[seed=125] Starting epoch 8/20...
[seed=125] Finished training for epoch 8/20.
[seed=125] Finished evaluation for epoch 8/20.
[seed=125] Epoch 8: train_loss=1.6097, val_loss=1.6095, acc=0.1920, edit_dist=0.8555
[seed=125] Starting epoch 9/20...
[seed=125] Finished training for epoch 9/20.
[seed=125] Finished evaluation for epoch 9/20.
[seed=125] Epoch 9: train_loss=1.6099, val_loss=1.6095, acc=0.2000, edit_dist=0.8547
[seed=125] Starting epoch 10/20...
[seed=125] Finished training for epoch 10/20.
[seed=125] Finished evaluation for epoch 10/20.
[seed=125] Epoch 10: train_loss=1.6096, val_loss=1.6095, acc=0.2000, edit_dist=0.8454
[seed=125] Starting epoch 11/20...
[seed=125] Finished training for epoch 11/20.
[seed=125] Finished evaluation for epoch 11/20.
[seed=125] Epoch 11: train_loss=1.6094, val_loss=1.6095, acc=0.2000, edit_dist=0.8448
[seed=125] Starting epoch 12/20...
[seed=125] Finished training for epoch 12/20.
[seed=125] Finished evaluation for epoch 12/20.
[seed=125] Epoch 12: train_loss=1.6098, val_loss=1.6095, acc=0.2000, edit_dist=0.8577
[seed=125] Starting epoch 13/20...
