Starting denoising text classification experiment with args: Namespace(rule='gradient', embedding_dim=256, char_embed_dim=32, hidden_dim=128, encoder_layers=2, model_dim=256, num_heads=4, num_layers=2, ffn_dim=512, dropout=0.1, aux_dim=4, eta0=0.2, max_norm=1.0, ways=5, shots=1, queries=15, noise_type='substitution', noise_prob=0.2, epochs=20, episodes_per_epoch=200, val_episodes=100, lr=0.001, weight_decay=0.0005, clip_norm=5.0, device='auto', base_seed=123, seeds=3, output_path='experiments/results/denoising_text_rule-gradient_noise-substitution_prob-02.json')
Running denoising text classification experiment...
[seed=123] Starting epoch 1/20...
[seed=123] Finished training for epoch 1/20.
[seed=123] Finished evaluation for epoch 1/20.
[seed=123] Epoch 1: train_loss=1.6409, val_loss=1.6103, acc=0.1724, edit_dist=0.8566
[seed=123] Starting epoch 2/20...
[seed=123] Finished training for epoch 2/20.
[seed=123] Finished evaluation for epoch 2/20.
[seed=123] Epoch 2: train_loss=1.6130, val_loss=1.6096, acc=0.2060, edit_dist=0.8489
[seed=123] Starting epoch 3/20...
[seed=123] Finished training for epoch 3/20.
[seed=123] Finished evaluation for epoch 3/20.
[seed=123] Epoch 3: train_loss=1.6109, val_loss=1.6096, acc=0.2000, edit_dist=0.8589
[seed=123] Starting epoch 4/20...
[seed=123] Finished training for epoch 4/20.
[seed=123] Finished evaluation for epoch 4/20.
[seed=123] Epoch 4: train_loss=1.6098, val_loss=1.6095, acc=0.2000, edit_dist=0.8513
[seed=123] Starting epoch 5/20...
[seed=123] Finished training for epoch 5/20.
[seed=123] Finished evaluation for epoch 5/20.
[seed=123] Epoch 5: train_loss=1.6098, val_loss=1.6097, acc=0.2000, edit_dist=0.8542
[seed=123] Starting epoch 6/20...
[seed=123] Finished training for epoch 6/20.
[seed=123] Finished evaluation for epoch 6/20.
[seed=123] Epoch 6: train_loss=1.6098, val_loss=1.6095, acc=0.2000, edit_dist=0.8568
[seed=123] Starting epoch 7/20...
[seed=123] Finished training for epoch 7/20.
[seed=123] Finished evaluation for epoch 7/20.
[seed=123] Epoch 7: train_loss=1.6096, val_loss=1.6095, acc=0.2000, edit_dist=0.8625
[seed=123] Starting epoch 8/20...
[seed=123] Finished training for epoch 8/20.
[seed=123] Finished evaluation for epoch 8/20.
[seed=123] Epoch 8: train_loss=1.6095, val_loss=1.6095, acc=0.2000, edit_dist=0.8514
[seed=123] Starting epoch 9/20...
[seed=123] Finished training for epoch 9/20.
[seed=123] Finished evaluation for epoch 9/20.
[seed=123] Epoch 9: train_loss=1.6096, val_loss=1.6095, acc=0.2000, edit_dist=0.8560
[seed=123] Starting epoch 10/20...
[seed=123] Finished training for epoch 10/20.
[seed=123] Finished evaluation for epoch 10/20.
[seed=123] Epoch 10: train_loss=1.6095, val_loss=1.6094, acc=0.2000, edit_dist=0.8559
[seed=123] Starting epoch 11/20...
[seed=123] Finished training for epoch 11/20.
[seed=123] Finished evaluation for epoch 11/20.
[seed=123] Epoch 11: train_loss=1.6095, val_loss=1.6094, acc=0.2000, edit_dist=0.8563
[seed=123] Starting epoch 12/20...
[seed=123] Finished training for epoch 12/20.
[seed=123] Finished evaluation for epoch 12/20.
[seed=123] Epoch 12: train_loss=1.6096, val_loss=1.6094, acc=0.2000, edit_dist=0.8532
[seed=123] Starting epoch 13/20...
[seed=123] Finished training for epoch 13/20.
[seed=123] Finished evaluation for epoch 13/20.
[seed=123] Epoch 13: train_loss=1.6096, val_loss=1.6094, acc=0.2000, edit_dist=0.8483
[seed=123] Starting epoch 14/20...
[seed=123] Finished training for epoch 14/20.
[seed=123] Finished evaluation for epoch 14/20.
[seed=123] Epoch 14: train_loss=1.6094, val_loss=1.6095, acc=0.2000, edit_dist=0.8571
[seed=123] Starting epoch 15/20...
[seed=123] Finished training for epoch 15/20.
[seed=123] Finished evaluation for epoch 15/20.
[seed=123] Epoch 15: train_loss=1.6095, val_loss=1.6094, acc=0.2000, edit_dist=0.8486
[seed=123] Starting epoch 16/20...
[seed=123] Finished training for epoch 16/20.
[seed=123] Finished evaluation for epoch 16/20.
[seed=123] Epoch 16: train_loss=1.6094, val_loss=1.6095, acc=0.2000, edit_dist=0.8465
[seed=123] Starting epoch 17/20...
[seed=123] Finished training for epoch 17/20.
[seed=123] Finished evaluation for epoch 17/20.
[seed=123] Epoch 17: train_loss=1.6095, val_loss=1.6095, acc=0.2000, edit_dist=0.8528
[seed=123] Starting epoch 18/20...
[seed=123] Finished training for epoch 18/20.
[seed=123] Finished evaluation for epoch 18/20.
[seed=123] Epoch 18: train_loss=1.6094, val_loss=1.6094, acc=0.2000, edit_dist=0.8570
[seed=123] Starting epoch 19/20...
[seed=123] Finished training for epoch 19/20.
[seed=123] Finished evaluation for epoch 19/20.
[seed=123] Epoch 19: train_loss=1.6095, val_loss=1.6094, acc=0.2000, edit_dist=0.8507
[seed=123] Starting epoch 20/20...
[seed=123] Finished training for epoch 20/20.
[seed=123] Finished evaluation for epoch 20/20.
[seed=123] Epoch 20: train_loss=1.6094, val_loss=1.6095, acc=0.2000, edit_dist=0.8601
[seed=124] Starting epoch 1/20...
[seed=124] Finished training for epoch 1/20.
[seed=124] Finished evaluation for epoch 1/20.
[seed=124] Epoch 1: train_loss=1.6421, val_loss=1.6086, acc=0.2035, edit_dist=0.8555
[seed=124] Starting epoch 2/20...
[seed=124] Finished training for epoch 2/20.
[seed=124] Finished evaluation for epoch 2/20.
[seed=124] Epoch 2: train_loss=1.6133, val_loss=1.6098, acc=0.2037, edit_dist=0.8559
[seed=124] Starting epoch 3/20...
[seed=124] Finished training for epoch 3/20.
[seed=124] Finished evaluation for epoch 3/20.
[seed=124] Epoch 3: train_loss=1.6118, val_loss=1.6097, acc=0.2000, edit_dist=0.8616
[seed=124] Starting epoch 4/20...
[seed=124] Finished training for epoch 4/20.
[seed=124] Finished evaluation for epoch 4/20.
[seed=124] Epoch 4: train_loss=1.6104, val_loss=1.6095, acc=0.2000, edit_dist=0.8575
[seed=124] Starting epoch 5/20...
[seed=124] Finished training for epoch 5/20.
[seed=124] Finished evaluation for epoch 5/20.
[seed=124] Epoch 5: train_loss=1.6098, val_loss=1.6095, acc=0.2000, edit_dist=0.8532
[seed=124] Starting epoch 6/20...
[seed=124] Finished training for epoch 6/20.
[seed=124] Finished evaluation for epoch 6/20.
[seed=124] Epoch 6: train_loss=1.6098, val_loss=1.6095, acc=0.2000, edit_dist=0.8505
[seed=124] Starting epoch 7/20...
[seed=124] Finished training for epoch 7/20.
[seed=124] Finished evaluation for epoch 7/20.
[seed=124] Epoch 7: train_loss=1.6097, val_loss=1.6095, acc=0.2000, edit_dist=0.8531
[seed=124] Starting epoch 8/20...
[seed=124] Finished training for epoch 8/20.
[seed=124] Finished evaluation for epoch 8/20.
[seed=124] Epoch 8: train_loss=1.6095, val_loss=1.6094, acc=0.2000, edit_dist=0.8516
[seed=124] Starting epoch 9/20...
[seed=124] Finished training for epoch 9/20.
[seed=124] Finished evaluation for epoch 9/20.
[seed=124] Epoch 9: train_loss=1.6097, val_loss=1.6094, acc=0.2000, edit_dist=0.8625
[seed=124] Starting epoch 10/20...
[seed=124] Finished training for epoch 10/20.
[seed=124] Finished evaluation for epoch 10/20.
[seed=124] Epoch 10: train_loss=1.6093, val_loss=1.6094, acc=0.2000, edit_dist=0.8528
[seed=124] Starting epoch 11/20...
[seed=124] Finished training for epoch 11/20.
[seed=124] Finished evaluation for epoch 11/20.
[seed=124] Epoch 11: train_loss=1.6095, val_loss=1.6095, acc=0.2000, edit_dist=0.8476
[seed=124] Starting epoch 12/20...
[seed=124] Finished training for epoch 12/20.
[seed=124] Finished evaluation for epoch 12/20.
[seed=124] Epoch 12: train_loss=1.6095, val_loss=1.6095, acc=0.2000, edit_dist=0.8510
[seed=124] Starting epoch 13/20...
[seed=124] Finished training for epoch 13/20.
[seed=124] Finished evaluation for epoch 13/20.
[seed=124] Epoch 13: train_loss=1.6093, val_loss=1.6095, acc=0.2000, edit_dist=0.8539
[seed=124] Starting epoch 14/20...
[seed=124] Finished training for epoch 14/20.
[seed=124] Finished evaluation for epoch 14/20.
[seed=124] Epoch 14: train_loss=1.6095, val_loss=1.6095, acc=0.2000, edit_dist=0.8571
[seed=124] Starting epoch 15/20...
[seed=124] Finished training for epoch 15/20.
[seed=124] Finished evaluation for epoch 15/20.
[seed=124] Epoch 15: train_loss=1.6097, val_loss=1.6095, acc=0.2000, edit_dist=0.8538
[seed=124] Starting epoch 16/20...
[seed=124] Finished training for epoch 16/20.
[seed=124] Finished evaluation for epoch 16/20.
[seed=124] Epoch 16: train_loss=1.6096, val_loss=1.6094, acc=0.2000, edit_dist=0.8489
[seed=124] Starting epoch 17/20...
[seed=124] Finished training for epoch 17/20.
[seed=124] Finished evaluation for epoch 17/20.
[seed=124] Epoch 17: train_loss=1.6094, val_loss=1.6095, acc=0.2000, edit_dist=0.8511
[seed=124] Starting epoch 18/20...
[seed=124] Finished training for epoch 18/20.
[seed=124] Finished evaluation for epoch 18/20.
[seed=124] Epoch 18: train_loss=1.6106, val_loss=1.6096, acc=0.2000, edit_dist=0.8450
[seed=124] Starting epoch 19/20...
[seed=124] Finished training for epoch 19/20.
[seed=124] Finished evaluation for epoch 19/20.
[seed=124] Epoch 19: train_loss=1.6095, val_loss=1.6094, acc=0.1920, edit_dist=0.8545
[seed=124] Starting epoch 20/20...
[seed=124] Finished training for epoch 20/20.
[seed=124] Finished evaluation for epoch 20/20.
[seed=124] Epoch 20: train_loss=1.6096, val_loss=1.6095, acc=0.2040, edit_dist=0.8614
[seed=125] Starting epoch 1/20...
[seed=125] Finished training for epoch 1/20.
[seed=125] Finished evaluation for epoch 1/20.
[seed=125] Epoch 1: train_loss=1.6435, val_loss=1.6104, acc=0.2060, edit_dist=0.8473
[seed=125] Starting epoch 2/20...
[seed=125] Finished training for epoch 2/20.
[seed=125] Finished evaluation for epoch 2/20.
[seed=125] Epoch 2: train_loss=1.6133, val_loss=1.6113, acc=0.2080, edit_dist=0.8530
[seed=125] Starting epoch 3/20...
[seed=125] Finished training for epoch 3/20.
[seed=125] Finished evaluation for epoch 3/20.
[seed=125] Epoch 3: train_loss=1.6126, val_loss=1.6095, acc=0.2115, edit_dist=0.8374
[seed=125] Starting epoch 4/20...
[seed=125] Finished training for epoch 4/20.
[seed=125] Finished evaluation for epoch 4/20.
[seed=125] Epoch 4: train_loss=1.6114, val_loss=1.6096, acc=0.2000, edit_dist=0.8520
[seed=125] Starting epoch 5/20...
[seed=125] Finished training for epoch 5/20.
[seed=125] Finished evaluation for epoch 5/20.
[seed=125] Epoch 5: train_loss=1.6097, val_loss=1.6096, acc=0.2000, edit_dist=0.8480
[seed=125] Starting epoch 6/20...
[seed=125] Finished training for epoch 6/20.
[seed=125] Finished evaluation for epoch 6/20.
[seed=125] Epoch 6: train_loss=1.6103, val_loss=1.6095, acc=0.2000, edit_dist=0.8579
[seed=125] Starting epoch 7/20...
[seed=125] Finished training for epoch 7/20.
[seed=125] Finished evaluation for epoch 7/20.
[seed=125] Epoch 7: train_loss=1.6096, val_loss=1.6095, acc=0.2000, edit_dist=0.8509
[seed=125] Starting epoch 8/20...
[seed=125] Finished training for epoch 8/20.
[seed=125] Finished evaluation for epoch 8/20.
[seed=125] Epoch 8: train_loss=1.6097, val_loss=1.6096, acc=0.2000, edit_dist=0.8555
[seed=125] Starting epoch 9/20...
[seed=125] Finished training for epoch 9/20.
[seed=125] Finished evaluation for epoch 9/20.
[seed=125] Epoch 9: train_loss=1.6097, val_loss=1.6095, acc=0.2000, edit_dist=0.8547
[seed=125] Starting epoch 10/20...
[seed=125] Finished training for epoch 10/20.
[seed=125] Finished evaluation for epoch 10/20.
[seed=125] Epoch 10: train_loss=1.6096, val_loss=1.6095, acc=0.2000, edit_dist=0.8454
[seed=125] Starting epoch 11/20...
[seed=125] Finished training for epoch 11/20.
[seed=125] Finished evaluation for epoch 11/20.
[seed=125] Epoch 11: train_loss=1.6096, val_loss=1.6095, acc=0.2000, edit_dist=0.8448
[seed=125] Starting epoch 12/20...
[seed=125] Finished training for epoch 12/20.
[seed=125] Finished evaluation for epoch 12/20.
[seed=125] Epoch 12: train_loss=1.6097, val_loss=1.6095, acc=0.2000, edit_dist=0.8577
[seed=125] Starting epoch 13/20...
[seed=125] Finished training for epoch 13/20.
[seed=125] Finished evaluation for epoch 13/20.
[seed=125] Epoch 13: train_loss=1.6095, val_loss=1.6095, acc=0.2000, edit_dist=0.8527
[seed=125] Starting epoch 14/20...
[seed=125] Finished training for epoch 14/20.
[seed=125] Finished evaluation for epoch 14/20.
[seed=125] Epoch 14: train_loss=1.6095, val_loss=1.6094, acc=0.2000, edit_dist=0.8492
[seed=125] Starting epoch 15/20...
[seed=125] Finished training for epoch 15/20.
[seed=125] Finished evaluation for epoch 15/20.
[seed=125] Epoch 15: train_loss=1.6096, val_loss=1.6094, acc=0.2000, edit_dist=0.8600
[seed=125] Starting epoch 16/20...
[seed=125] Finished training for epoch 16/20.
[seed=125] Finished evaluation for epoch 16/20.
[seed=125] Epoch 16: train_loss=1.6094, val_loss=1.6095, acc=0.2000, edit_dist=0.8501
[seed=125] Starting epoch 17/20...
[seed=125] Finished training for epoch 17/20.
[seed=125] Finished evaluation for epoch 17/20.
[seed=125] Epoch 17: train_loss=1.6096, val_loss=1.6094, acc=0.2000, edit_dist=0.8432
[seed=125] Starting epoch 18/20...
[seed=125] Finished training for epoch 18/20.
[seed=125] Finished evaluation for epoch 18/20.
[seed=125] Epoch 18: train_loss=1.6094, val_loss=1.6095, acc=0.2000, edit_dist=0.8422
[seed=125] Starting epoch 19/20...
[seed=125] Finished training for epoch 19/20.
[seed=125] Finished evaluation for epoch 19/20.
[seed=125] Epoch 19: train_loss=1.6095, val_loss=1.6094, acc=0.2000, edit_dist=0.8468
[seed=125] Starting epoch 20/20...
[seed=125] Finished training for epoch 20/20.
[seed=125] Finished evaluation for epoch 20/20.
[seed=125] Epoch 20: train_loss=1.6095, val_loss=1.6094, acc=0.2000, edit_dist=0.8485
Starting denoising text classification experiment with args: Namespace(rule='none', embedding_dim=256, char_embed_dim=32, hidden_dim=128, encoder_layers=2, model_dim=256, num_heads=4, num_layers=2, ffn_dim=512, dropout=0.1, aux_dim=4, eta0=0.2, max_norm=1.0, ways=5, shots=1, queries=15, noise_type='transposition', noise_prob=0.0, epochs=20, episodes_per_epoch=200, val_episodes=100, lr=0.001, weight_decay=0.0005, clip_norm=5.0, device='auto', base_seed=123, seeds=3, output_path='experiments/results/denoising_text_rule-none_noise-transposition_prob-0.json')
Running denoising text classification experiment...
[seed=123] Starting epoch 1/20...
[seed=123] Finished training for epoch 1/20.
[seed=123] Finished evaluation for epoch 1/20.
[seed=123] Epoch 1: train_loss=1.6384, val_loss=1.6171, acc=0.2101, edit_dist=0.8016
[seed=123] Starting epoch 2/20...
[seed=123] Finished training for epoch 2/20.
[seed=123] Finished evaluation for epoch 2/20.
[seed=123] Epoch 2: train_loss=1.6141, val_loss=1.6096, acc=0.2000, edit_dist=0.8093
[seed=123] Starting epoch 3/20...
[seed=123] Finished training for epoch 3/20.
[seed=123] Finished evaluation for epoch 3/20.
[seed=123] Epoch 3: train_loss=1.6119, val_loss=1.6095, acc=0.2000, edit_dist=0.8018
[seed=123] Starting epoch 4/20...
[seed=123] Finished training for epoch 4/20.
[seed=123] Finished evaluation for epoch 4/20.
[seed=123] Epoch 4: train_loss=1.6100, val_loss=1.6095, acc=0.2000, edit_dist=0.8105
[seed=123] Starting epoch 5/20...
[seed=123] Finished training for epoch 5/20.
[seed=123] Finished evaluation for epoch 5/20.
[seed=123] Epoch 5: train_loss=1.6100, val_loss=1.6095, acc=0.2000, edit_dist=0.7996
[seed=123] Starting epoch 6/20...
[seed=123] Finished training for epoch 6/20.
[seed=123] Finished evaluation for epoch 6/20.
[seed=123] Epoch 6: train_loss=1.6098, val_loss=1.6095, acc=0.2000, edit_dist=0.8069
[seed=123] Starting epoch 7/20...
[seed=123] Finished training for epoch 7/20.
[seed=123] Finished evaluation for epoch 7/20.
[seed=123] Epoch 7: train_loss=1.6096, val_loss=1.6095, acc=0.2000, edit_dist=0.8056
[seed=123] Starting epoch 8/20...
[seed=123] Finished training for epoch 8/20.
[seed=123] Finished evaluation for epoch 8/20.
[seed=123] Epoch 8: train_loss=1.6097, val_loss=1.6094, acc=0.2000, edit_dist=0.8014
[seed=123] Starting epoch 9/20...
[seed=123] Finished training for epoch 9/20.
[seed=123] Finished evaluation for epoch 9/20.
[seed=123] Epoch 9: train_loss=1.6097, val_loss=1.6094, acc=0.2060, edit_dist=0.7991
[seed=123] Starting epoch 10/20...
[seed=123] Finished training for epoch 10/20.
[seed=123] Finished evaluation for epoch 10/20.
[seed=123] Epoch 10: train_loss=1.6098, val_loss=1.6095, acc=0.2000, edit_dist=0.7989
[seed=123] Starting epoch 11/20...
[seed=123] Finished training for epoch 11/20.
[seed=123] Finished evaluation for epoch 11/20.
[seed=123] Epoch 11: train_loss=1.6095, val_loss=1.6094, acc=0.2000, edit_dist=0.8100
[seed=123] Starting epoch 12/20...
[seed=123] Finished training for epoch 12/20.
[seed=123] Finished evaluation for epoch 12/20.
[seed=123] Epoch 12: train_loss=1.6093, val_loss=1.6100, acc=0.2120, edit_dist=0.8005
[seed=123] Starting epoch 13/20...
[seed=123] Finished training for epoch 13/20.
[seed=123] Finished evaluation for epoch 13/20.
[seed=123] Epoch 13: train_loss=1.6108, val_loss=1.6189, acc=0.1660, edit_dist=0.8011
[seed=123] Starting epoch 14/20...
[seed=123] Finished training for epoch 14/20.
[seed=123] Finished evaluation for epoch 14/20.
[seed=123] Epoch 14: train_loss=1.6119, val_loss=1.6103, acc=0.1800, edit_dist=0.8016
[seed=123] Starting epoch 15/20...
[seed=123] Finished training for epoch 15/20.
[seed=123] Finished evaluation for epoch 15/20.
[seed=123] Epoch 15: train_loss=1.6102, val_loss=1.6100, acc=0.1900, edit_dist=0.8205
[seed=123] Starting epoch 16/20...
[seed=123] Finished training for epoch 16/20.
[seed=123] Finished evaluation for epoch 16/20.
[seed=123] Epoch 16: train_loss=1.6094, val_loss=1.6105, acc=0.1840, edit_dist=0.7983
[seed=123] Starting epoch 17/20...
[seed=123] Finished training for epoch 17/20.
[seed=123] Finished evaluation for epoch 17/20.
[seed=123] Epoch 17: train_loss=1.6102, val_loss=1.6095, acc=0.1800, edit_dist=0.7972
[seed=123] Starting epoch 18/20...
[seed=123] Finished training for epoch 18/20.
[seed=123] Finished evaluation for epoch 18/20.
[seed=123] Epoch 18: train_loss=1.6095, val_loss=1.6096, acc=0.1960, edit_dist=0.8071
[seed=123] Starting epoch 19/20...
[seed=123] Finished training for epoch 19/20.
[seed=123] Finished evaluation for epoch 19/20.
[seed=123] Epoch 19: train_loss=1.6099, val_loss=1.6098, acc=0.2000, edit_dist=0.8038
[seed=123] Starting epoch 20/20...
[seed=123] Finished training for epoch 20/20.
[seed=123] Finished evaluation for epoch 20/20.
[seed=123] Epoch 20: train_loss=1.6096, val_loss=1.6095, acc=0.2040, edit_dist=0.8000
[seed=124] Starting epoch 1/20...
[seed=124] Finished training for epoch 1/20.
[seed=124] Finished evaluation for epoch 1/20.
[seed=124] Epoch 1: train_loss=1.6389, val_loss=1.6095, acc=0.1968, edit_dist=0.8046
[seed=124] Starting epoch 2/20...
[seed=124] Finished training for epoch 2/20.
[seed=124] Finished evaluation for epoch 2/20.
[seed=124] Epoch 2: train_loss=1.6142, val_loss=1.6097, acc=0.2000, edit_dist=0.8051
[seed=124] Starting epoch 3/20...
[seed=124] Finished training for epoch 3/20.
[seed=124] Finished evaluation for epoch 3/20.
[seed=124] Epoch 3: train_loss=1.6114, val_loss=1.6095, acc=0.2000, edit_dist=0.8101
[seed=124] Starting epoch 4/20...
[seed=124] Finished training for epoch 4/20.
[seed=124] Finished evaluation for epoch 4/20.
[seed=124] Epoch 4: train_loss=1.6105, val_loss=1.6095, acc=0.2000, edit_dist=0.8137
[seed=124] Starting epoch 5/20...
[seed=124] Finished training for epoch 5/20.
[seed=124] Finished evaluation for epoch 5/20.
[seed=124] Epoch 5: train_loss=1.6100, val_loss=1.6095, acc=0.2000, edit_dist=0.8055
[seed=124] Starting epoch 6/20...
[seed=124] Finished training for epoch 6/20.
[seed=124] Finished evaluation for epoch 6/20.
[seed=124] Epoch 6: train_loss=1.6096, val_loss=1.6095, acc=0.2000, edit_dist=0.8068
[seed=124] Starting epoch 7/20...
[seed=124] Finished training for epoch 7/20.
[seed=124] Finished evaluation for epoch 7/20.
[seed=124] Epoch 7: train_loss=1.6095, val_loss=1.6095, acc=0.2000, edit_dist=0.7976
[seed=124] Starting epoch 8/20...
[seed=124] Finished training for epoch 8/20.
[seed=124] Finished evaluation for epoch 8/20.
[seed=124] Epoch 8: train_loss=1.6095, val_loss=1.6095, acc=0.2000, edit_dist=0.8032
[seed=124] Starting epoch 9/20...
[seed=124] Finished training for epoch 9/20.
[seed=124] Finished evaluation for epoch 9/20.
[seed=124] Epoch 9: train_loss=1.6097, val_loss=1.6095, acc=0.2000, edit_dist=0.8086
[seed=124] Starting epoch 10/20...
[seed=124] Finished training for epoch 10/20.
[seed=124] Finished evaluation for epoch 10/20.
[seed=124] Epoch 10: train_loss=1.6095, val_loss=1.6095, acc=0.2000, edit_dist=0.8022
[seed=124] Starting epoch 11/20...
[seed=124] Finished training for epoch 11/20.
[seed=124] Finished evaluation for epoch 11/20.
[seed=124] Epoch 11: train_loss=1.6095, val_loss=1.6095, acc=0.2000, edit_dist=0.7992
[seed=124] Starting epoch 12/20...
[seed=124] Finished training for epoch 12/20.
[seed=124] Finished evaluation for epoch 12/20.
[seed=124] Epoch 12: train_loss=1.6097, val_loss=1.6094, acc=0.2000, edit_dist=0.8016
[seed=124] Starting epoch 13/20...
[seed=124] Finished training for epoch 13/20.
[seed=124] Finished evaluation for epoch 13/20.
[seed=124] Epoch 13: train_loss=1.6093, val_loss=1.6095, acc=0.2000, edit_dist=0.7990
[seed=124] Starting epoch 14/20...
[seed=124] Finished training for epoch 14/20.
[seed=124] Finished evaluation for epoch 14/20.
[seed=124] Epoch 14: train_loss=1.6096, val_loss=1.6094, acc=0.2000, edit_dist=0.8002
[seed=124] Starting epoch 15/20...
[seed=124] Finished training for epoch 15/20.
[seed=124] Finished evaluation for epoch 15/20.
[seed=124] Epoch 15: train_loss=1.6095, val_loss=1.6095, acc=0.2000, edit_dist=0.7995
[seed=124] Starting epoch 16/20...
[seed=124] Finished training for epoch 16/20.
[seed=124] Finished evaluation for epoch 16/20.
[seed=124] Epoch 16: train_loss=1.6095, val_loss=1.6094, acc=0.2000, edit_dist=0.8045
[seed=124] Starting epoch 17/20...
[seed=124] Finished training for epoch 17/20.
[seed=124] Finished evaluation for epoch 17/20.
[seed=124] Epoch 17: train_loss=1.6095, val_loss=1.6095, acc=0.2000, edit_dist=0.8127
[seed=124] Starting epoch 18/20...
[seed=124] Finished training for epoch 18/20.
[seed=124] Finished evaluation for epoch 18/20.
[seed=124] Epoch 18: train_loss=1.6094, val_loss=1.6094, acc=0.2000, edit_dist=0.8079
[seed=124] Starting epoch 19/20...
[seed=124] Finished training for epoch 19/20.
[seed=124] Finished evaluation for epoch 19/20.
[seed=124] Epoch 19: train_loss=1.6096, val_loss=1.6094, acc=0.2000, edit_dist=0.7993
[seed=124] Starting epoch 20/20...
[seed=124] Finished training for epoch 20/20.
[seed=124] Finished evaluation for epoch 20/20.
[seed=124] Epoch 20: train_loss=1.6095, val_loss=1.6095, acc=0.2000, edit_dist=0.7996
[seed=125] Starting epoch 1/20...
[seed=125] Finished training for epoch 1/20.
[seed=125] Finished evaluation for epoch 1/20.
[seed=125] Epoch 1: train_loss=1.6358, val_loss=1.6100, acc=0.1880, edit_dist=0.8153
[seed=125] Starting epoch 2/20...
[seed=125] Finished training for epoch 2/20.
[seed=125] Finished evaluation for epoch 2/20.
[seed=125] Epoch 2: train_loss=1.6125, val_loss=1.6092, acc=0.2040, edit_dist=0.8076
[seed=125] Starting epoch 3/20...
[seed=125] Finished training for epoch 3/20.
[seed=125] Finished evaluation for epoch 3/20.
[seed=125] Epoch 3: train_loss=1.6106, val_loss=1.6095, acc=0.2000, edit_dist=0.8069
[seed=125] Starting epoch 4/20...
[seed=125] Finished training for epoch 4/20.
[seed=125] Finished evaluation for epoch 4/20.
[seed=125] Epoch 4: train_loss=1.6101, val_loss=1.6096, acc=0.2000, edit_dist=0.7939
[seed=125] Starting epoch 5/20...
[seed=125] Finished training for epoch 5/20.
[seed=125] Finished evaluation for epoch 5/20.
[seed=125] Epoch 5: train_loss=1.6099, val_loss=1.6095, acc=0.2000, edit_dist=0.7970
[seed=125] Starting epoch 6/20...
[seed=125] Finished training for epoch 6/20.
[seed=125] Finished evaluation for epoch 6/20.
[seed=125] Epoch 6: train_loss=1.6096, val_loss=1.6095, acc=0.2000, edit_dist=0.8036
[seed=125] Starting epoch 7/20...
[seed=125] Finished training for epoch 7/20.
[seed=125] Finished evaluation for epoch 7/20.
[seed=125] Epoch 7: train_loss=1.6098, val_loss=1.6094, acc=0.2000, edit_dist=0.7974
[seed=125] Starting epoch 8/20...
[seed=125] Finished training for epoch 8/20.
[seed=125] Finished evaluation for epoch 8/20.
[seed=125] Epoch 8: train_loss=1.6097, val_loss=1.6095, acc=0.2000, edit_dist=0.7966
[seed=125] Starting epoch 9/20...
[seed=125] Finished training for epoch 9/20.
[seed=125] Finished evaluation for epoch 9/20.
[seed=125] Epoch 9: train_loss=1.6095, val_loss=1.6095, acc=0.2000, edit_dist=0.8057
[seed=125] Starting epoch 10/20...
[seed=125] Finished training for epoch 10/20.
[seed=125] Finished evaluation for epoch 10/20.
[seed=125] Epoch 10: train_loss=1.6096, val_loss=1.6095, acc=0.2000, edit_dist=0.7970
[seed=125] Starting epoch 11/20...
[seed=125] Finished training for epoch 11/20.
[seed=125] Finished evaluation for epoch 11/20.
[seed=125] Epoch 11: train_loss=1.6095, val_loss=1.6094, acc=0.2000, edit_dist=0.8095
[seed=125] Starting epoch 12/20...
[seed=125] Finished training for epoch 12/20.
[seed=125] Finished evaluation for epoch 12/20.
[seed=125] Epoch 12: train_loss=1.6094, val_loss=1.6095, acc=0.2180, edit_dist=0.7932
[seed=125] Starting epoch 13/20...
[seed=125] Finished training for epoch 13/20.
[seed=125] Finished evaluation for epoch 13/20.
[seed=125] Epoch 13: train_loss=1.6097, val_loss=1.6095, acc=0.2000, edit_dist=0.8165
[seed=125] Starting epoch 14/20...
[seed=125] Finished training for epoch 14/20.
[seed=125] Finished evaluation for epoch 14/20.
[seed=125] Epoch 14: train_loss=1.6096, val_loss=1.6095, acc=0.2000, edit_dist=0.8012
[seed=125] Starting epoch 15/20...
[seed=125] Finished training for epoch 15/20.
[seed=125] Finished evaluation for epoch 15/20.
[seed=125] Epoch 15: train_loss=1.6095, val_loss=1.6095, acc=0.2080, edit_dist=0.8050
[seed=125] Starting epoch 16/20...
[seed=125] Finished training for epoch 16/20.
[seed=125] Finished evaluation for epoch 16/20.
[seed=125] Epoch 16: train_loss=1.6096, val_loss=1.6095, acc=0.2000, edit_dist=0.7940
[seed=125] Starting epoch 17/20...
[seed=125] Finished training for epoch 17/20.
[seed=125] Finished evaluation for epoch 17/20.
[seed=125] Epoch 17: train_loss=1.6094, val_loss=1.6094, acc=0.2000, edit_dist=0.7923
[seed=125] Starting epoch 18/20...
[seed=125] Finished training for epoch 18/20.
[seed=125] Finished evaluation for epoch 18/20.
[seed=125] Epoch 18: train_loss=1.6095, val_loss=1.6095, acc=0.2000, edit_dist=0.7952
[seed=125] Starting epoch 19/20...
[seed=125] Finished training for epoch 19/20.
[seed=125] Finished evaluation for epoch 19/20.
[seed=125] Epoch 19: train_loss=1.6095, val_loss=1.6095, acc=0.2000, edit_dist=0.8117
[seed=125] Starting epoch 20/20...
[seed=125] Finished training for epoch 20/20.
[seed=125] Finished evaluation for epoch 20/20.
[seed=125] Epoch 20: train_loss=1.6095, val_loss=1.6095, acc=0.2000, edit_dist=0.8032
Starting denoising text classification experiment with args: Namespace(rule='none', embedding_dim=256, char_embed_dim=32, hidden_dim=128, encoder_layers=2, model_dim=256, num_heads=4, num_layers=2, ffn_dim=512, dropout=0.1, aux_dim=4, eta0=0.2, max_norm=1.0, ways=5, shots=1, queries=15, noise_type='transposition', noise_prob=0.1, epochs=20, episodes_per_epoch=200, val_episodes=100, lr=0.001, weight_decay=0.0005, clip_norm=5.0, device='auto', base_seed=123, seeds=3, output_path='experiments/results/denoising_text_rule-none_noise-transposition_prob-01.json')
Running denoising text classification experiment...
[seed=123] Starting epoch 1/20...
[seed=123] Finished training for epoch 1/20.
[seed=123] Finished evaluation for epoch 1/20.
[seed=123] Epoch 1: train_loss=1.6437, val_loss=1.6097, acc=0.2017, edit_dist=0.8339
[seed=123] Starting epoch 2/20...
[seed=123] Finished training for epoch 2/20.
[seed=123] Finished evaluation for epoch 2/20.
[seed=123] Epoch 2: train_loss=1.6140, val_loss=1.6096, acc=0.2000, edit_dist=0.8272
[seed=123] Starting epoch 3/20...
[seed=123] Finished training for epoch 3/20.
[seed=123] Finished evaluation for epoch 3/20.
[seed=123] Epoch 3: train_loss=1.6130, val_loss=1.6097, acc=0.2000, edit_dist=0.8418
[seed=123] Starting epoch 4/20...
[seed=123] Finished training for epoch 4/20.
[seed=123] Finished evaluation for epoch 4/20.
[seed=123] Epoch 4: train_loss=1.6113, val_loss=1.6098, acc=0.2000, edit_dist=0.8335
[seed=123] Starting epoch 5/20...
[seed=123] Finished training for epoch 5/20.
[seed=123] Finished evaluation for epoch 5/20.
[seed=123] Epoch 5: train_loss=1.6121, val_loss=1.6096, acc=0.2000, edit_dist=0.8323
[seed=123] Starting epoch 6/20...
[seed=123] Finished training for epoch 6/20.
[seed=123] Finished evaluation for epoch 6/20.
[seed=123] Epoch 6: train_loss=1.6109, val_loss=1.6097, acc=0.2000, edit_dist=0.8262
[seed=123] Starting epoch 7/20...
[seed=123] Finished training for epoch 7/20.
[seed=123] Finished evaluation for epoch 7/20.
[seed=123] Epoch 7: train_loss=1.6107, val_loss=1.6096, acc=0.2000, edit_dist=0.8410
[seed=123] Starting epoch 8/20...
[seed=123] Finished training for epoch 8/20.
[seed=123] Finished evaluation for epoch 8/20.
[seed=123] Epoch 8: train_loss=1.6100, val_loss=1.6096, acc=0.2000, edit_dist=0.8378
[seed=123] Starting epoch 9/20...
[seed=123] Finished training for epoch 9/20.
[seed=123] Finished evaluation for epoch 9/20.
[seed=123] Epoch 9: train_loss=1.6096, val_loss=1.6095, acc=0.2000, edit_dist=0.8307
[seed=123] Starting epoch 10/20...
[seed=123] Finished training for epoch 10/20.
[seed=123] Finished evaluation for epoch 10/20.
[seed=123] Epoch 10: train_loss=1.6098, val_loss=1.6095, acc=0.2000, edit_dist=0.8364
[seed=123] Starting epoch 11/20...
[seed=123] Finished training for epoch 11/20.
[seed=123] Finished evaluation for epoch 11/20.
[seed=123] Epoch 11: train_loss=1.6097, val_loss=1.6096, acc=0.2000, edit_dist=0.8285
[seed=123] Starting epoch 12/20...
[seed=123] Finished training for epoch 12/20.
[seed=123] Finished evaluation for epoch 12/20.
[seed=123] Epoch 12: train_loss=1.6095, val_loss=1.6095, acc=0.2000, edit_dist=0.8378
[seed=123] Starting epoch 13/20...
[seed=123] Finished training for epoch 13/20.
[seed=123] Finished evaluation for epoch 13/20.
[seed=123] Epoch 13: train_loss=1.6097, val_loss=1.6094, acc=0.2000, edit_dist=0.8309
[seed=123] Starting epoch 14/20...
[seed=123] Finished training for epoch 14/20.
[seed=123] Finished evaluation for epoch 14/20.
[seed=123] Epoch 14: train_loss=1.6094, val_loss=1.6094, acc=0.1921, edit_dist=0.8368
[seed=123] Starting epoch 15/20...
[seed=123] Finished training for epoch 15/20.
[seed=123] Finished evaluation for epoch 15/20.
[seed=123] Epoch 15: train_loss=1.6096, val_loss=1.6094, acc=0.2000, edit_dist=0.8414
[seed=123] Starting epoch 16/20...
[seed=123] Finished training for epoch 16/20.
[seed=123] Finished evaluation for epoch 16/20.
[seed=123] Epoch 16: train_loss=1.6096, val_loss=1.6094, acc=0.1948, edit_dist=0.8347
[seed=123] Starting epoch 17/20...
[seed=123] Finished training for epoch 17/20.
[seed=123] Finished evaluation for epoch 17/20.
[seed=123] Epoch 17: train_loss=1.6095, val_loss=1.6094, acc=0.2000, edit_dist=0.8221
[seed=123] Starting epoch 18/20...
[seed=123] Finished training for epoch 18/20.
[seed=123] Finished evaluation for epoch 18/20.
[seed=123] Epoch 18: train_loss=1.6094, val_loss=1.6094, acc=0.2000, edit_dist=0.8354
[seed=123] Starting epoch 19/20...
[seed=123] Finished training for epoch 19/20.
[seed=123] Finished evaluation for epoch 19/20.
[seed=123] Epoch 19: train_loss=1.6095, val_loss=1.6094, acc=0.2000, edit_dist=0.8380
[seed=123] Starting epoch 20/20...
[seed=123] Finished training for epoch 20/20.
[seed=123] Finished evaluation for epoch 20/20.
[seed=123] Epoch 20: train_loss=1.6096, val_loss=1.6095, acc=0.2000, edit_dist=0.8355
[seed=124] Starting epoch 1/20...
[seed=124] Finished training for epoch 1/20.
[seed=124] Finished evaluation for epoch 1/20.
[seed=124] Epoch 1: train_loss=1.6416, val_loss=1.6020, acc=0.2684, edit_dist=0.8327
[seed=124] Starting epoch 2/20...
[seed=124] Finished training for epoch 2/20.
[seed=124] Finished evaluation for epoch 2/20.
[seed=124] Epoch 2: train_loss=1.6181, val_loss=1.6093, acc=0.2043, edit_dist=0.8280
[seed=124] Starting epoch 3/20...
[seed=124] Finished training for epoch 3/20.
[seed=124] Finished evaluation for epoch 3/20.
[seed=124] Epoch 3: train_loss=1.6131, val_loss=1.6094, acc=0.2000, edit_dist=0.8412
[seed=124] Starting epoch 4/20...
[seed=124] Finished training for epoch 4/20.
[seed=124] Finished evaluation for epoch 4/20.
[seed=124] Epoch 4: train_loss=1.6126, val_loss=1.6155, acc=0.2000, edit_dist=0.8427
[seed=124] Starting epoch 5/20...
[seed=124] Finished training for epoch 5/20.
[seed=124] Finished evaluation for epoch 5/20.
[seed=124] Epoch 5: train_loss=1.6114, val_loss=1.6097, acc=0.2000, edit_dist=0.8230
[seed=124] Starting epoch 6/20...
[seed=124] Finished training for epoch 6/20.
[seed=124] Finished evaluation for epoch 6/20.
[seed=124] Epoch 6: train_loss=1.6119, val_loss=1.6096, acc=0.2000, edit_dist=0.8244
[seed=124] Starting epoch 7/20...
[seed=124] Finished training for epoch 7/20.
[seed=124] Finished evaluation for epoch 7/20.
[seed=124] Epoch 7: train_loss=1.6115, val_loss=1.6098, acc=0.2000, edit_dist=0.8267
[seed=124] Starting epoch 8/20...
[seed=124] Finished training for epoch 8/20.
[seed=124] Finished evaluation for epoch 8/20.
[seed=124] Epoch 8: train_loss=1.6105, val_loss=1.6095, acc=0.2000, edit_dist=0.8271
[seed=124] Starting epoch 9/20...
[seed=124] Finished training for epoch 9/20.
[seed=124] Finished evaluation for epoch 9/20.
[seed=124] Epoch 9: train_loss=1.6099, val_loss=1.6096, acc=0.2000, edit_dist=0.8342
[seed=124] Starting epoch 10/20...
[seed=124] Finished training for epoch 10/20.
[seed=124] Finished evaluation for epoch 10/20.
[seed=124] Epoch 10: train_loss=1.6099, val_loss=1.6096, acc=0.2000, edit_dist=0.8439
[seed=124] Starting epoch 11/20...
[seed=124] Finished training for epoch 11/20.
[seed=124] Finished evaluation for epoch 11/20.
[seed=124] Epoch 11: train_loss=1.6096, val_loss=1.6095, acc=0.2000, edit_dist=0.8343
[seed=124] Starting epoch 12/20...
[seed=124] Finished training for epoch 12/20.
[seed=124] Finished evaluation for epoch 12/20.
[seed=124] Epoch 12: train_loss=1.6098, val_loss=1.6095, acc=0.2000, edit_dist=0.8307
[seed=124] Starting epoch 13/20...
[seed=124] Finished training for epoch 13/20.
[seed=124] Finished evaluation for epoch 13/20.
[seed=124] Epoch 13: train_loss=1.6095, val_loss=1.6095, acc=0.2000, edit_dist=0.8307
[seed=124] Starting epoch 14/20...
[seed=124] Finished training for epoch 14/20.
[seed=124] Finished evaluation for epoch 14/20.
[seed=124] Epoch 14: train_loss=1.6095, val_loss=1.6095, acc=0.2000, edit_dist=0.8340
[seed=124] Starting epoch 15/20...
[seed=124] Finished training for epoch 15/20.
[seed=124] Finished evaluation for epoch 15/20.
[seed=124] Epoch 15: train_loss=1.6094, val_loss=1.6095, acc=0.2000, edit_dist=0.8278
[seed=124] Starting epoch 16/20...
[seed=124] Finished training for epoch 16/20.
[seed=124] Finished evaluation for epoch 16/20.
[seed=124] Epoch 16: train_loss=1.6096, val_loss=1.6094, acc=0.2000, edit_dist=0.8309
[seed=124] Starting epoch 17/20...
[seed=124] Finished training for epoch 17/20.
[seed=124] Finished evaluation for epoch 17/20.
[seed=124] Epoch 17: train_loss=1.6097, val_loss=1.6094, acc=0.2000, edit_dist=0.8376
[seed=124] Starting epoch 18/20...
[seed=124] Finished training for epoch 18/20.
[seed=124] Finished evaluation for epoch 18/20.
[seed=124] Epoch 18: train_loss=1.6095, val_loss=1.6095, acc=0.2000, edit_dist=0.8376
[seed=124] Starting epoch 19/20...
[seed=124] Finished training for epoch 19/20.
[seed=124] Finished evaluation for epoch 19/20.
[seed=124] Epoch 19: train_loss=1.6095, val_loss=1.6094, acc=0.2000, edit_dist=0.8190
[seed=124] Starting epoch 20/20...
[seed=124] Finished training for epoch 20/20.
[seed=124] Finished evaluation for epoch 20/20.
[seed=124] Epoch 20: train_loss=1.6094, val_loss=1.6094, acc=0.2000, edit_dist=0.8388
[seed=125] Starting epoch 1/20...
[seed=125] Finished training for epoch 1/20.
[seed=125] Finished evaluation for epoch 1/20.
[seed=125] Epoch 1: train_loss=1.6438, val_loss=1.6109, acc=0.1843, edit_dist=0.8269
[seed=125] Starting epoch 2/20...
[seed=125] Finished training for epoch 2/20.
[seed=125] Finished evaluation for epoch 2/20.
[seed=125] Epoch 2: train_loss=1.6145, val_loss=1.6095, acc=0.1997, edit_dist=0.8425
[seed=125] Starting epoch 3/20...
[seed=125] Finished training for epoch 3/20.
[seed=125] Finished evaluation for epoch 3/20.
[seed=125] Epoch 3: train_loss=1.6123, val_loss=1.6095, acc=0.2000, edit_dist=0.8273
[seed=125] Starting epoch 4/20...
[seed=125] Finished training for epoch 4/20.
[seed=125] Finished evaluation for epoch 4/20.
[seed=125] Epoch 4: train_loss=1.6115, val_loss=1.6095, acc=0.2000, edit_dist=0.8382
[seed=125] Starting epoch 5/20...
[seed=125] Finished training for epoch 5/20.
[seed=125] Finished evaluation for epoch 5/20.
[seed=125] Epoch 5: train_loss=1.6108, val_loss=1.6096, acc=0.2000, edit_dist=0.8262
[seed=125] Starting epoch 6/20...
[seed=125] Finished training for epoch 6/20.
[seed=125] Finished evaluation for epoch 6/20.
[seed=125] Epoch 6: train_loss=1.6098, val_loss=1.6095, acc=0.2000, edit_dist=0.8334
[seed=125] Starting epoch 7/20...
[seed=125] Finished training for epoch 7/20.
[seed=125] Finished evaluation for epoch 7/20.
[seed=125] Epoch 7: train_loss=1.6102, val_loss=1.6096, acc=0.2000, edit_dist=0.8372
[seed=125] Starting epoch 8/20...
[seed=125] Finished training for epoch 8/20.
[seed=125] Finished evaluation for epoch 8/20.
[seed=125] Epoch 8: train_loss=1.6100, val_loss=1.6095, acc=0.2000, edit_dist=0.8289
[seed=125] Starting epoch 9/20...
[seed=125] Finished training for epoch 9/20.
[seed=125] Finished evaluation for epoch 9/20.
[seed=125] Epoch 9: train_loss=1.6097, val_loss=1.6095, acc=0.2000, edit_dist=0.8423
[seed=125] Starting epoch 10/20...
[seed=125] Finished training for epoch 10/20.
[seed=125] Finished evaluation for epoch 10/20.
[seed=125] Epoch 10: train_loss=1.6095, val_loss=1.6095, acc=0.2000, edit_dist=0.8427
[seed=125] Starting epoch 11/20...
[seed=125] Finished training for epoch 11/20.
[seed=125] Finished evaluation for epoch 11/20.
[seed=125] Epoch 11: train_loss=1.6094, val_loss=1.6095, acc=0.2000, edit_dist=0.8285
[seed=125] Starting epoch 12/20...
[seed=125] Finished training for epoch 12/20.
[seed=125] Finished evaluation for epoch 12/20.
[seed=125] Epoch 12: train_loss=1.6097, val_loss=1.6095, acc=0.2000, edit_dist=0.8315
[seed=125] Starting epoch 13/20...
[seed=125] Finished training for epoch 13/20.
[seed=125] Finished evaluation for epoch 13/20.
[seed=125] Epoch 13: train_loss=1.6097, val_loss=1.6094, acc=0.2000, edit_dist=0.8308
[seed=125] Starting epoch 14/20...
[seed=125] Finished training for epoch 14/20.
[seed=125] Finished evaluation for epoch 14/20.
[seed=125] Epoch 14: train_loss=1.6096, val_loss=1.6094, acc=0.2000, edit_dist=0.8354
[seed=125] Starting epoch 15/20...
[seed=125] Finished training for epoch 15/20.
[seed=125] Finished evaluation for epoch 15/20.
[seed=125] Epoch 15: train_loss=1.6095, val_loss=1.6095, acc=0.2000, edit_dist=0.8291
[seed=125] Starting epoch 16/20...
[seed=125] Finished training for epoch 16/20.
[seed=125] Finished evaluation for epoch 16/20.
[seed=125] Epoch 16: train_loss=1.6095, val_loss=1.6094, acc=0.2000, edit_dist=0.8317
[seed=125] Starting epoch 17/20...
[seed=125] Finished training for epoch 17/20.
[seed=125] Finished evaluation for epoch 17/20.
[seed=125] Epoch 17: train_loss=1.6096, val_loss=1.6094, acc=0.2000, edit_dist=0.8322
[seed=125] Starting epoch 18/20...
[seed=125] Finished training for epoch 18/20.
[seed=125] Finished evaluation for epoch 18/20.
[seed=125] Epoch 18: train_loss=1.6095, val_loss=1.6094, acc=0.2000, edit_dist=0.8411
[seed=125] Starting epoch 19/20...
[seed=125] Finished training for epoch 19/20.
[seed=125] Finished evaluation for epoch 19/20.
[seed=125] Epoch 19: train_loss=1.6094, val_loss=1.6094, acc=0.2000, edit_dist=0.8384
[seed=125] Starting epoch 20/20...
[seed=125] Finished training for epoch 20/20.
[seed=125] Finished evaluation for epoch 20/20.
[seed=125] Epoch 20: train_loss=1.6096, val_loss=1.6094, acc=0.2000, edit_dist=0.8447
Starting denoising text classification experiment with args: Namespace(rule='none', embedding_dim=256, char_embed_dim=32, hidden_dim=128, encoder_layers=2, model_dim=256, num_heads=4, num_layers=2, ffn_dim=512, dropout=0.1, aux_dim=4, eta0=0.2, max_norm=1.0, ways=5, shots=1, queries=15, noise_type='transposition', noise_prob=0.2, epochs=20, episodes_per_epoch=200, val_episodes=100, lr=0.001, weight_decay=0.0005, clip_norm=5.0, device='auto', base_seed=123, seeds=3, output_path='experiments/results/denoising_text_rule-none_noise-transposition_prob-02.json')
Running denoising text classification experiment...
[seed=123] Starting epoch 1/20...
[seed=123] Finished training for epoch 1/20.
[seed=123] Finished evaluation for epoch 1/20.
[seed=123] Epoch 1: train_loss=1.6381, val_loss=1.6109, acc=0.1881, edit_dist=0.8574
[seed=123] Starting epoch 2/20...
[seed=123] Finished training for epoch 2/20.
[seed=123] Finished evaluation for epoch 2/20.
[seed=123] Epoch 2: train_loss=1.6129, val_loss=1.6096, acc=0.2040, edit_dist=0.8643
[seed=123] Starting epoch 3/20...
[seed=123] Finished training for epoch 3/20.
[seed=123] Finished evaluation for epoch 3/20.
[seed=123] Epoch 3: train_loss=1.6103, val_loss=1.6096, acc=0.2000, edit_dist=0.8517
[seed=123] Starting epoch 4/20...
[seed=123] Finished training for epoch 4/20.
[seed=123] Finished evaluation for epoch 4/20.
[seed=123] Epoch 4: train_loss=1.6099, val_loss=1.6096, acc=0.2000, edit_dist=0.8544
[seed=123] Starting epoch 5/20...
[seed=123] Finished training for epoch 5/20.
[seed=123] Finished evaluation for epoch 5/20.
[seed=123] Epoch 5: train_loss=1.6099, val_loss=1.6095, acc=0.2000, edit_dist=0.8552
[seed=123] Starting epoch 6/20...
[seed=123] Finished training for epoch 6/20.
[seed=123] Finished evaluation for epoch 6/20.
[seed=123] Epoch 6: train_loss=1.6094, val_loss=1.6095, acc=0.2000, edit_dist=0.8571
[seed=123] Starting epoch 7/20...
[seed=123] Finished training for epoch 7/20.
[seed=123] Finished evaluation for epoch 7/20.
[seed=123] Epoch 7: train_loss=1.6100, val_loss=1.6095, acc=0.2000, edit_dist=0.8520
[seed=123] Starting epoch 8/20...
[seed=123] Finished training for epoch 8/20.
[seed=123] Finished evaluation for epoch 8/20.
[seed=123] Epoch 8: train_loss=1.6096, val_loss=1.6095, acc=0.2000, edit_dist=0.8568
[seed=123] Starting epoch 9/20...
[seed=123] Finished training for epoch 9/20.
[seed=123] Finished evaluation for epoch 9/20.
[seed=123] Epoch 9: train_loss=1.6096, val_loss=1.6094, acc=0.2000, edit_dist=0.8482
[seed=123] Starting epoch 10/20...
[seed=123] Finished training for epoch 10/20.
[seed=123] Finished evaluation for epoch 10/20.
[seed=123] Epoch 10: train_loss=1.6095, val_loss=1.6095, acc=0.2000, edit_dist=0.8618
[seed=123] Starting epoch 11/20...
[seed=123] Finished training for epoch 11/20.
[seed=123] Finished evaluation for epoch 11/20.
[seed=123] Epoch 11: train_loss=1.6095, val_loss=1.6095, acc=0.2000, edit_dist=0.8613
[seed=123] Starting epoch 12/20...
[seed=123] Finished training for epoch 12/20.
[seed=123] Finished evaluation for epoch 12/20.
[seed=123] Epoch 12: train_loss=1.6094, val_loss=1.6094, acc=0.2000, edit_dist=0.8603
[seed=123] Starting epoch 13/20...
[seed=123] Finished training for epoch 13/20.
[seed=123] Finished evaluation for epoch 13/20.
[seed=123] Epoch 13: train_loss=1.6096, val_loss=1.6094, acc=0.2000, edit_dist=0.8626
[seed=123] Starting epoch 14/20...
[seed=123] Finished training for epoch 14/20.
[seed=123] Finished evaluation for epoch 14/20.
[seed=123] Epoch 14: train_loss=1.6097, val_loss=1.6095, acc=0.2000, edit_dist=0.8594
[seed=123] Starting epoch 15/20...
[seed=123] Finished training for epoch 15/20.
[seed=123] Finished evaluation for epoch 15/20.
[seed=123] Epoch 15: train_loss=1.6095, val_loss=1.6094, acc=0.2000, edit_dist=0.8656
[seed=123] Starting epoch 16/20...
[seed=123] Finished training for epoch 16/20.
[seed=123] Finished evaluation for epoch 16/20.
[seed=123] Epoch 16: train_loss=1.6096, val_loss=1.6094, acc=0.2000, edit_dist=0.8596
[seed=123] Starting epoch 17/20...
[seed=123] Finished training for epoch 17/20.
[seed=123] Finished evaluation for epoch 17/20.
[seed=123] Epoch 17: train_loss=1.6095, val_loss=1.6095, acc=0.2000, edit_dist=0.8558
[seed=123] Starting epoch 18/20...
[seed=123] Finished training for epoch 18/20.
[seed=123] Finished evaluation for epoch 18/20.
[seed=123] Epoch 18: train_loss=1.6094, val_loss=1.6095, acc=0.2000, edit_dist=0.8675
[seed=123] Starting epoch 19/20...
[seed=123] Finished training for epoch 19/20.
[seed=123] Finished evaluation for epoch 19/20.
[seed=123] Epoch 19: train_loss=1.6096, val_loss=1.6094, acc=0.2000, edit_dist=0.8619
[seed=123] Starting epoch 20/20...
[seed=123] Finished training for epoch 20/20.
[seed=123] Finished evaluation for epoch 20/20.
[seed=123] Epoch 20: train_loss=1.6096, val_loss=1.6094, acc=0.2000, edit_dist=0.8515
[seed=124] Starting epoch 1/20...
[seed=124] Finished training for epoch 1/20.
[seed=124] Finished evaluation for epoch 1/20.
[seed=124] Epoch 1: train_loss=1.6418, val_loss=1.6099, acc=0.2000, edit_dist=0.8651
[seed=124] Starting epoch 2/20...
[seed=124] Finished training for epoch 2/20.
[seed=124] Finished evaluation for epoch 2/20.
[seed=124] Epoch 2: train_loss=1.6123, val_loss=1.6096, acc=0.1980, edit_dist=0.8639
[seed=124] Starting epoch 3/20...
[seed=124] Finished training for epoch 3/20.
[seed=124] Finished evaluation for epoch 3/20.
[seed=124] Epoch 3: train_loss=1.6115, val_loss=1.6104, acc=0.1920, edit_dist=0.8573
[seed=124] Starting epoch 4/20...
[seed=124] Finished training for epoch 4/20.
[seed=124] Finished evaluation for epoch 4/20.
[seed=124] Epoch 4: train_loss=1.6105, val_loss=1.6094, acc=0.2000, edit_dist=0.8680
[seed=124] Starting epoch 5/20...
[seed=124] Finished training for epoch 5/20.
[seed=124] Finished evaluation for epoch 5/20.
[seed=124] Epoch 5: train_loss=1.6101, val_loss=1.6094, acc=0.2000, edit_dist=0.8638
[seed=124] Starting epoch 6/20...
[seed=124] Finished training for epoch 6/20.
[seed=124] Finished evaluation for epoch 6/20.
[seed=124] Epoch 6: train_loss=1.6098, val_loss=1.6095, acc=0.1960, edit_dist=0.8516
[seed=124] Starting epoch 7/20...
[seed=124] Finished training for epoch 7/20.
[seed=124] Finished evaluation for epoch 7/20.
[seed=124] Epoch 7: train_loss=1.6095, val_loss=1.6095, acc=0.2000, edit_dist=0.8463
[seed=124] Starting epoch 8/20...
[seed=124] Finished training for epoch 8/20.
[seed=124] Finished evaluation for epoch 8/20.
[seed=124] Epoch 8: train_loss=1.6094, val_loss=1.6095, acc=0.2000, edit_dist=0.8583
[seed=124] Starting epoch 9/20...
[seed=124] Finished training for epoch 9/20.
[seed=124] Finished evaluation for epoch 9/20.
[seed=124] Epoch 9: train_loss=1.6097, val_loss=1.6095, acc=0.2000, edit_dist=0.8573
[seed=124] Starting epoch 10/20...
[seed=124] Finished training for epoch 10/20.
[seed=124] Finished evaluation for epoch 10/20.
[seed=124] Epoch 10: train_loss=1.6096, val_loss=1.6094, acc=0.2000, edit_dist=0.8578
[seed=124] Starting epoch 11/20...
[seed=124] Finished training for epoch 11/20.
[seed=124] Finished evaluation for epoch 11/20.
[seed=124] Epoch 11: train_loss=1.6095, val_loss=1.6094, acc=0.2000, edit_dist=0.8604
[seed=124] Starting epoch 12/20...
[seed=124] Finished training for epoch 12/20.
[seed=124] Finished evaluation for epoch 12/20.
[seed=124] Epoch 12: train_loss=1.6096, val_loss=1.6095, acc=0.2000, edit_dist=0.8535
[seed=124] Starting epoch 13/20...
[seed=124] Finished training for epoch 13/20.
[seed=124] Finished evaluation for epoch 13/20.
[seed=124] Epoch 13: train_loss=1.6097, val_loss=1.6094, acc=0.2000, edit_dist=0.8548
[seed=124] Starting epoch 14/20...
[seed=124] Finished training for epoch 14/20.
[seed=124] Finished evaluation for epoch 14/20.
[seed=124] Epoch 14: train_loss=1.6095, val_loss=1.6094, acc=0.2000, edit_dist=0.8529
[seed=124] Starting epoch 15/20...
[seed=124] Finished training for epoch 15/20.
[seed=124] Finished evaluation for epoch 15/20.
[seed=124] Epoch 15: train_loss=1.6096, val_loss=1.6094, acc=0.2000, edit_dist=0.8598
[seed=124] Starting epoch 16/20...
[seed=124] Finished training for epoch 16/20.
[seed=124] Finished evaluation for epoch 16/20.
[seed=124] Epoch 16: train_loss=1.6095, val_loss=1.6094, acc=0.2000, edit_dist=0.8653
[seed=124] Starting epoch 17/20...
[seed=124] Finished training for epoch 17/20.
[seed=124] Finished evaluation for epoch 17/20.
[seed=124] Epoch 17: train_loss=1.6094, val_loss=1.6094, acc=0.2000, edit_dist=0.8560
[seed=124] Starting epoch 18/20...
[seed=124] Finished training for epoch 18/20.
[seed=124] Finished evaluation for epoch 18/20.
[seed=124] Epoch 18: train_loss=1.6096, val_loss=1.6094, acc=0.2000, edit_dist=0.8605
[seed=124] Starting epoch 19/20...
[seed=124] Finished training for epoch 19/20.
[seed=124] Finished evaluation for epoch 19/20.
[seed=124] Epoch 19: train_loss=1.6095, val_loss=1.6094, acc=0.2000, edit_dist=0.8594
[seed=124] Starting epoch 20/20...
[seed=124] Finished training for epoch 20/20.
[seed=124] Finished evaluation for epoch 20/20.
[seed=124] Epoch 20: train_loss=1.6095, val_loss=1.6094, acc=0.2000, edit_dist=0.8616
[seed=125] Starting epoch 1/20...
[seed=125] Finished training for epoch 1/20.
[seed=125] Finished evaluation for epoch 1/20.
[seed=125] Epoch 1: train_loss=1.6349, val_loss=1.6097, acc=0.2000, edit_dist=0.8642
[seed=125] Starting epoch 2/20...
[seed=125] Finished training for epoch 2/20.
[seed=125] Finished evaluation for epoch 2/20.
[seed=125] Epoch 2: train_loss=1.6140, val_loss=1.6099, acc=0.2000, edit_dist=0.8643
[seed=125] Starting epoch 3/20...
[seed=125] Finished training for epoch 3/20.
[seed=125] Finished evaluation for epoch 3/20.
[seed=125] Epoch 3: train_loss=1.6133, val_loss=1.6097, acc=0.2000, edit_dist=0.8588
[seed=125] Starting epoch 4/20...
[seed=125] Finished training for epoch 4/20.
[seed=125] Finished evaluation for epoch 4/20.
[seed=125] Epoch 4: train_loss=1.6110, val_loss=1.6095, acc=0.2000, edit_dist=0.8635
[seed=125] Starting epoch 5/20...
[seed=125] Finished training for epoch 5/20.
[seed=125] Finished evaluation for epoch 5/20.
[seed=125] Epoch 5: train_loss=1.6105, val_loss=1.6095, acc=0.2040, edit_dist=0.8556
[seed=125] Starting epoch 6/20...
[seed=125] Finished training for epoch 6/20.
[seed=125] Finished evaluation for epoch 6/20.
[seed=125] Epoch 6: train_loss=1.6101, val_loss=1.6096, acc=0.2000, edit_dist=0.8704
[seed=125] Starting epoch 7/20...
[seed=125] Finished training for epoch 7/20.
[seed=125] Finished evaluation for epoch 7/20.
[seed=125] Epoch 7: train_loss=1.6100, val_loss=1.6095, acc=0.2000, edit_dist=0.8479
[seed=125] Starting epoch 8/20...
[seed=125] Finished training for epoch 8/20.
[seed=125] Finished evaluation for epoch 8/20.
[seed=125] Epoch 8: train_loss=1.6097, val_loss=1.6095, acc=0.2000, edit_dist=0.8642
[seed=125] Starting epoch 9/20...
[seed=125] Finished training for epoch 9/20.
[seed=125] Finished evaluation for epoch 9/20.
[seed=125] Epoch 9: train_loss=1.6095, val_loss=1.6095, acc=0.2000, edit_dist=0.8630
[seed=125] Starting epoch 10/20...
[seed=125] Finished training for epoch 10/20.
[seed=125] Finished evaluation for epoch 10/20.
[seed=125] Epoch 10: train_loss=1.6096, val_loss=1.6095, acc=0.2000, edit_dist=0.8603
[seed=125] Starting epoch 11/20...
[seed=125] Finished training for epoch 11/20.
[seed=125] Finished evaluation for epoch 11/20.
[seed=125] Epoch 11: train_loss=1.6095, val_loss=1.6095, acc=0.2000, edit_dist=0.8699
[seed=125] Starting epoch 12/20...
[seed=125] Finished training for epoch 12/20.
[seed=125] Finished evaluation for epoch 12/20.
[seed=125] Epoch 12: train_loss=1.6096, val_loss=1.6095, acc=0.2000, edit_dist=0.8545
[seed=125] Starting epoch 13/20...
[seed=125] Finished training for epoch 13/20.
[seed=125] Finished evaluation for epoch 13/20.
[seed=125] Epoch 13: train_loss=1.6095, val_loss=1.6095, acc=0.2000, edit_dist=0.8608
[seed=125] Starting epoch 14/20...
[seed=125] Finished training for epoch 14/20.
[seed=125] Finished evaluation for epoch 14/20.
[seed=125] Epoch 14: train_loss=1.6096, val_loss=1.6094, acc=0.2000, edit_dist=0.8512
[seed=125] Starting epoch 15/20...
[seed=125] Finished training for epoch 15/20.
[seed=125] Finished evaluation for epoch 15/20.
[seed=125] Epoch 15: train_loss=1.6096, val_loss=1.6094, acc=0.2000, edit_dist=0.8664
[seed=125] Starting epoch 16/20...
[seed=125] Finished training for epoch 16/20.
[seed=125] Finished evaluation for epoch 16/20.
[seed=125] Epoch 16: train_loss=1.6095, val_loss=1.6095, acc=0.2000, edit_dist=0.8547
[seed=125] Starting epoch 17/20...
[seed=125] Finished training for epoch 17/20.
[seed=125] Finished evaluation for epoch 17/20.
[seed=125] Epoch 17: train_loss=1.6095, val_loss=1.6094, acc=0.2000, edit_dist=0.8498
[seed=125] Starting epoch 18/20...
[seed=125] Finished training for epoch 18/20.
[seed=125] Finished evaluation for epoch 18/20.
[seed=125] Epoch 18: train_loss=1.6096, val_loss=1.6095, acc=0.2000, edit_dist=0.8572
[seed=125] Starting epoch 19/20...
[seed=125] Finished training for epoch 19/20.
[seed=125] Finished evaluation for epoch 19/20.
[seed=125] Epoch 19: train_loss=1.6095, val_loss=1.6094, acc=0.2000, edit_dist=0.8729
[seed=125] Starting epoch 20/20...
[seed=125] Finished training for epoch 20/20.
[seed=125] Finished evaluation for epoch 20/20.
[seed=125] Epoch 20: train_loss=1.6095, val_loss=1.6094, acc=0.2000, edit_dist=0.8668
Starting denoising text classification experiment with args: Namespace(rule='hebbian', embedding_dim=256, char_embed_dim=32, hidden_dim=128, encoder_layers=2, model_dim=256, num_heads=4, num_layers=2, ffn_dim=512, dropout=0.1, aux_dim=4, eta0=0.2, max_norm=1.0, ways=5, shots=1, queries=15, noise_type='transposition', noise_prob=0.0, epochs=20, episodes_per_epoch=200, val_episodes=100, lr=0.001, weight_decay=0.0005, clip_norm=5.0, device='auto', base_seed=123, seeds=3, output_path='experiments/results/denoising_text_rule-hebbian_noise-transposition_prob-0.json')
Running denoising text classification experiment...
[seed=123] Starting epoch 1/20...
[seed=123] Finished training for epoch 1/20.
[seed=123] Finished evaluation for epoch 1/20.
[seed=123] Epoch 1: train_loss=1.6384, val_loss=1.6100, acc=0.2000, edit_dist=0.8016
[seed=123] Starting epoch 2/20...
[seed=123] Finished training for epoch 2/20.
[seed=123] Finished evaluation for epoch 2/20.
[seed=123] Epoch 2: train_loss=1.6134, val_loss=1.6099, acc=0.2000, edit_dist=0.8093
[seed=123] Starting epoch 3/20...
[seed=123] Finished training for epoch 3/20.
[seed=123] Finished evaluation for epoch 3/20.
[seed=123] Epoch 3: train_loss=1.6129, val_loss=1.6096, acc=0.2000, edit_dist=0.8018
[seed=123] Starting epoch 4/20...
[seed=123] Finished training for epoch 4/20.
[seed=123] Finished evaluation for epoch 4/20.
[seed=123] Epoch 4: train_loss=1.6098, val_loss=1.6096, acc=0.2048, edit_dist=0.8105
[seed=123] Starting epoch 5/20...
[seed=123] Finished training for epoch 5/20.
[seed=123] Finished evaluation for epoch 5/20.
[seed=123] Epoch 5: train_loss=1.6102, val_loss=1.6094, acc=0.1983, edit_dist=0.7996
[seed=123] Starting epoch 6/20...
[seed=123] Finished training for epoch 6/20.
[seed=123] Finished evaluation for epoch 6/20.
[seed=123] Epoch 6: train_loss=1.6096, val_loss=1.6096, acc=0.1995, edit_dist=0.8069
[seed=123] Starting epoch 7/20...
[seed=123] Finished training for epoch 7/20.
[seed=123] Finished evaluation for epoch 7/20.
[seed=123] Epoch 7: train_loss=1.6098, val_loss=1.6091, acc=0.2260, edit_dist=0.8056
[seed=123] Starting epoch 8/20...
[seed=123] Finished training for epoch 8/20.
[seed=123] Finished evaluation for epoch 8/20.
[seed=123] Epoch 8: train_loss=1.6112, val_loss=1.6094, acc=0.1851, edit_dist=0.8014
[seed=123] Starting epoch 9/20...
[seed=123] Finished training for epoch 9/20.
[seed=123] Finished evaluation for epoch 9/20.
[seed=123] Epoch 9: train_loss=1.6099, val_loss=1.6093, acc=0.2161, edit_dist=0.7991
[seed=123] Starting epoch 10/20...
[seed=123] Finished training for epoch 10/20.
[seed=123] Finished evaluation for epoch 10/20.
[seed=123] Epoch 10: train_loss=1.6097, val_loss=1.6095, acc=0.2000, edit_dist=0.7989
[seed=123] Starting epoch 11/20...
[seed=123] Finished training for epoch 11/20.
[seed=123] Finished evaluation for epoch 11/20.
[seed=123] Epoch 11: train_loss=1.6096, val_loss=1.6093, acc=0.2045, edit_dist=0.8100
[seed=123] Starting epoch 12/20...
[seed=123] Finished training for epoch 12/20.
[seed=123] Finished evaluation for epoch 12/20.
[seed=123] Epoch 12: train_loss=1.6093, val_loss=1.6098, acc=0.1773, edit_dist=0.8005
[seed=123] Starting epoch 13/20...
[seed=123] Finished training for epoch 13/20.
[seed=123] Finished evaluation for epoch 13/20.
[seed=123] Epoch 13: train_loss=1.6103, val_loss=1.6094, acc=0.2071, edit_dist=0.8011
[seed=123] Starting epoch 14/20...
[seed=123] Finished training for epoch 14/20.
[seed=123] Finished evaluation for epoch 14/20.
[seed=123] Epoch 14: train_loss=1.6100, val_loss=1.6095, acc=0.2000, edit_dist=0.8016
[seed=123] Starting epoch 15/20...
[seed=123] Finished training for epoch 15/20.
[seed=123] Finished evaluation for epoch 15/20.
[seed=123] Epoch 15: train_loss=1.6096, val_loss=1.6094, acc=0.2000, edit_dist=0.8205
[seed=123] Starting epoch 16/20...
[seed=123] Finished training for epoch 16/20.
[seed=123] Finished evaluation for epoch 16/20.
[seed=123] Epoch 16: train_loss=1.6095, val_loss=1.6094, acc=0.1996, edit_dist=0.7983
[seed=123] Starting epoch 17/20...
[seed=123] Finished training for epoch 17/20.
[seed=123] Finished evaluation for epoch 17/20.
[seed=123] Epoch 17: train_loss=1.6094, val_loss=1.6095, acc=0.2024, edit_dist=0.7972
[seed=123] Starting epoch 18/20...
[seed=123] Finished training for epoch 18/20.
[seed=123] Finished evaluation for epoch 18/20.
[seed=123] Epoch 18: train_loss=1.6093, val_loss=1.6096, acc=0.1895, edit_dist=0.8071
[seed=123] Starting epoch 19/20...
[seed=123] Finished training for epoch 19/20.
[seed=123] Finished evaluation for epoch 19/20.
[seed=123] Epoch 19: train_loss=1.6096, val_loss=1.6097, acc=0.2000, edit_dist=0.8038
[seed=123] Starting epoch 20/20...
[seed=123] Finished training for epoch 20/20.
[seed=123] Finished evaluation for epoch 20/20.
[seed=123] Epoch 20: train_loss=1.6104, val_loss=1.6096, acc=0.2135, edit_dist=0.8000
[seed=124] Starting epoch 1/20...
[seed=124] Finished training for epoch 1/20.
[seed=124] Finished evaluation for epoch 1/20.
[seed=124] Epoch 1: train_loss=1.6383, val_loss=1.6094, acc=0.1975, edit_dist=0.8046
[seed=124] Starting epoch 2/20...
[seed=124] Finished training for epoch 2/20.
[seed=124] Finished evaluation for epoch 2/20.
[seed=124] Epoch 2: train_loss=1.6120, val_loss=1.6096, acc=0.2000, edit_dist=0.8051
[seed=124] Starting epoch 3/20...
[seed=124] Finished training for epoch 3/20.
[seed=124] Finished evaluation for epoch 3/20.
[seed=124] Epoch 3: train_loss=1.6101, val_loss=1.6095, acc=0.2000, edit_dist=0.8101
[seed=124] Starting epoch 4/20...
[seed=124] Finished training for epoch 4/20.
[seed=124] Finished evaluation for epoch 4/20.
[seed=124] Epoch 4: train_loss=1.6101, val_loss=1.6095, acc=0.2015, edit_dist=0.8137
[seed=124] Starting epoch 5/20...
[seed=124] Finished training for epoch 5/20.
[seed=124] Finished evaluation for epoch 5/20.
[seed=124] Epoch 5: train_loss=1.6098, val_loss=1.6095, acc=0.2000, edit_dist=0.8055
[seed=124] Starting epoch 6/20...
[seed=124] Finished training for epoch 6/20.
[seed=124] Finished evaluation for epoch 6/20.
[seed=124] Epoch 6: train_loss=1.6097, val_loss=1.6094, acc=0.2000, edit_dist=0.8068
[seed=124] Starting epoch 7/20...
[seed=124] Finished training for epoch 7/20.
[seed=124] Finished evaluation for epoch 7/20.
[seed=124] Epoch 7: train_loss=1.6094, val_loss=1.6095, acc=0.2000, edit_dist=0.7976
[seed=124] Starting epoch 8/20...
[seed=124] Finished training for epoch 8/20.
[seed=124] Finished evaluation for epoch 8/20.
[seed=124] Epoch 8: train_loss=1.6096, val_loss=1.6095, acc=0.2000, edit_dist=0.8032
[seed=124] Starting epoch 9/20...
[seed=124] Finished training for epoch 9/20.
[seed=124] Finished evaluation for epoch 9/20.
[seed=124] Epoch 9: train_loss=1.6095, val_loss=1.6095, acc=0.2000, edit_dist=0.8086
[seed=124] Starting epoch 10/20...
[seed=124] Finished training for epoch 10/20.
[seed=124] Finished evaluation for epoch 10/20.
[seed=124] Epoch 10: train_loss=1.6096, val_loss=1.6095, acc=0.2000, edit_dist=0.8022
[seed=124] Starting epoch 11/20...
[seed=124] Finished training for epoch 11/20.
[seed=124] Finished evaluation for epoch 11/20.
[seed=124] Epoch 11: train_loss=1.6095, val_loss=1.6095, acc=0.2035, edit_dist=0.7992
[seed=124] Starting epoch 12/20...
[seed=124] Finished training for epoch 12/20.
[seed=124] Finished evaluation for epoch 12/20.
[seed=124] Epoch 12: train_loss=1.6098, val_loss=1.6095, acc=0.2000, edit_dist=0.8016
[seed=124] Starting epoch 13/20...
[seed=124] Finished training for epoch 13/20.
[seed=124] Finished evaluation for epoch 13/20.
[seed=124] Epoch 13: train_loss=1.6094, val_loss=1.6094, acc=0.2017, edit_dist=0.7990
[seed=124] Starting epoch 14/20...
[seed=124] Finished training for epoch 14/20.
[seed=124] Finished evaluation for epoch 14/20.
[seed=124] Epoch 14: train_loss=1.6095, val_loss=1.6094, acc=0.2000, edit_dist=0.8002
[seed=124] Starting epoch 15/20...
[seed=124] Finished training for epoch 15/20.
[seed=124] Finished evaluation for epoch 15/20.
[seed=124] Epoch 15: train_loss=1.6094, val_loss=1.6095, acc=0.2000, edit_dist=0.7995
[seed=124] Starting epoch 16/20...
[seed=124] Finished training for epoch 16/20.
[seed=124] Finished evaluation for epoch 16/20.
[seed=124] Epoch 16: train_loss=1.6095, val_loss=1.6094, acc=0.2044, edit_dist=0.8045
[seed=124] Starting epoch 17/20...
[seed=124] Finished training for epoch 17/20.
[seed=124] Finished evaluation for epoch 17/20.
[seed=124] Epoch 17: train_loss=1.6096, val_loss=1.6095, acc=0.2000, edit_dist=0.8127
[seed=124] Starting epoch 18/20...
[seed=124] Finished training for epoch 18/20.
[seed=124] Finished evaluation for epoch 18/20.
[seed=124] Epoch 18: train_loss=1.6095, val_loss=1.6094, acc=0.2000, edit_dist=0.8079
[seed=124] Starting epoch 19/20...
[seed=124] Finished training for epoch 19/20.
[seed=124] Finished evaluation for epoch 19/20.
[seed=124] Epoch 19: train_loss=1.6096, val_loss=1.6095, acc=0.2000, edit_dist=0.7993
[seed=124] Starting epoch 20/20...
[seed=124] Finished training for epoch 20/20.
[seed=124] Finished evaluation for epoch 20/20.
[seed=124] Epoch 20: train_loss=1.6096, val_loss=1.6094, acc=0.2000, edit_dist=0.7996
[seed=125] Starting epoch 1/20...
[seed=125] Finished training for epoch 1/20.
[seed=125] Finished evaluation for epoch 1/20.
[seed=125] Epoch 1: train_loss=1.6369, val_loss=1.6093, acc=0.2000, edit_dist=0.8153
[seed=125] Starting epoch 2/20...
[seed=125] Finished training for epoch 2/20.
[seed=125] Finished evaluation for epoch 2/20.
[seed=125] Epoch 2: train_loss=1.6137, val_loss=1.6073, acc=0.2136, edit_dist=0.8076
[seed=125] Starting epoch 3/20...
[seed=125] Finished training for epoch 3/20.
[seed=125] Finished evaluation for epoch 3/20.
[seed=125] Epoch 3: train_loss=1.6127, val_loss=1.6095, acc=0.2040, edit_dist=0.8069
[seed=125] Starting epoch 4/20...
[seed=125] Finished training for epoch 4/20.
[seed=125] Finished evaluation for epoch 4/20.
[seed=125] Epoch 4: train_loss=1.6106, val_loss=1.6102, acc=0.2011, edit_dist=0.7939
[seed=125] Starting epoch 5/20...
[seed=125] Finished training for epoch 5/20.
[seed=125] Finished evaluation for epoch 5/20.
[seed=125] Epoch 5: train_loss=1.6106, val_loss=1.6096, acc=0.2000, edit_dist=0.7970
[seed=125] Starting epoch 6/20...
[seed=125] Finished training for epoch 6/20.
[seed=125] Finished evaluation for epoch 6/20.
[seed=125] Epoch 6: train_loss=1.6102, val_loss=1.6095, acc=0.2000, edit_dist=0.8036
[seed=125] Starting epoch 7/20...
[seed=125] Finished training for epoch 7/20.
[seed=125] Finished evaluation for epoch 7/20.
[seed=125] Epoch 7: train_loss=1.6097, val_loss=1.6097, acc=0.1999, edit_dist=0.7974
[seed=125] Starting epoch 8/20...
[seed=125] Finished training for epoch 8/20.
[seed=125] Finished evaluation for epoch 8/20.
[seed=125] Epoch 8: train_loss=1.6099, val_loss=1.6096, acc=0.1983, edit_dist=0.7966
[seed=125] Starting epoch 9/20...
[seed=125] Finished training for epoch 9/20.
[seed=125] Finished evaluation for epoch 9/20.
[seed=125] Epoch 9: train_loss=1.6097, val_loss=1.6095, acc=0.2000, edit_dist=0.8057
[seed=125] Starting epoch 10/20...
[seed=125] Finished training for epoch 10/20.
[seed=125] Finished evaluation for epoch 10/20.
[seed=125] Epoch 10: train_loss=1.6096, val_loss=1.6095, acc=0.2000, edit_dist=0.7970
[seed=125] Starting epoch 11/20...
[seed=125] Finished training for epoch 11/20.
[seed=125] Finished evaluation for epoch 11/20.
[seed=125] Epoch 11: train_loss=1.6094, val_loss=1.6095, acc=0.2000, edit_dist=0.8095
[seed=125] Starting epoch 12/20...
[seed=125] Finished training for epoch 12/20.
[seed=125] Finished evaluation for epoch 12/20.
[seed=125] Epoch 12: train_loss=1.6092, val_loss=1.6095, acc=0.2000, edit_dist=0.7932
[seed=125] Starting epoch 13/20...
[seed=125] Finished training for epoch 13/20.
[seed=125] Finished evaluation for epoch 13/20.
[seed=125] Epoch 13: train_loss=1.6097, val_loss=1.6095, acc=0.2032, edit_dist=0.8165
[seed=125] Starting epoch 14/20...
[seed=125] Finished training for epoch 14/20.
[seed=125] Finished evaluation for epoch 14/20.
[seed=125] Epoch 14: train_loss=1.6096, val_loss=1.6095, acc=0.2000, edit_dist=0.8012
[seed=125] Starting epoch 15/20...
[seed=125] Finished training for epoch 15/20.
[seed=125] Finished evaluation for epoch 15/20.
[seed=125] Epoch 15: train_loss=1.6094, val_loss=1.6100, acc=0.2195, edit_dist=0.8050
[seed=125] Starting epoch 16/20...
[seed=125] Finished training for epoch 16/20.
[seed=125] Finished evaluation for epoch 16/20.
[seed=125] Epoch 16: train_loss=1.6117, val_loss=1.6094, acc=0.1960, edit_dist=0.7940
[seed=125] Starting epoch 17/20...
[seed=125] Finished training for epoch 17/20.
[seed=125] Finished evaluation for epoch 17/20.
[seed=125] Epoch 17: train_loss=1.6099, val_loss=1.6091, acc=0.2000, edit_dist=0.7923
[seed=125] Starting epoch 18/20...
[seed=125] Finished training for epoch 18/20.
[seed=125] Finished evaluation for epoch 18/20.
[seed=125] Epoch 18: train_loss=1.6094, val_loss=1.6094, acc=0.2103, edit_dist=0.7952
[seed=125] Starting epoch 19/20...
[seed=125] Finished training for epoch 19/20.
[seed=125] Finished evaluation for epoch 19/20.
[seed=125] Epoch 19: train_loss=1.6095, val_loss=1.6096, acc=0.1920, edit_dist=0.8117
[seed=125] Starting epoch 20/20...
[seed=125] Finished training for epoch 20/20.
[seed=125] Finished evaluation for epoch 20/20.
[seed=125] Epoch 20: train_loss=1.6095, val_loss=1.6091, acc=0.2060, edit_dist=0.8032
Starting denoising text classification experiment with args: Namespace(rule='hebbian', embedding_dim=256, char_embed_dim=32, hidden_dim=128, encoder_layers=2, model_dim=256, num_heads=4, num_layers=2, ffn_dim=512, dropout=0.1, aux_dim=4, eta0=0.2, max_norm=1.0, ways=5, shots=1, queries=15, noise_type='transposition', noise_prob=0.1, epochs=20, episodes_per_epoch=200, val_episodes=100, lr=0.001, weight_decay=0.0005, clip_norm=5.0, device='auto', base_seed=123, seeds=3, output_path='experiments/results/denoising_text_rule-hebbian_noise-transposition_prob-01.json')
Running denoising text classification experiment...
[seed=123] Starting epoch 1/20...
[seed=123] Finished training for epoch 1/20.
[seed=123] Finished evaluation for epoch 1/20.
[seed=123] Epoch 1: train_loss=1.6465, val_loss=1.6097, acc=0.2043, edit_dist=0.8339
[seed=123] Starting epoch 2/20...
[seed=123] Finished training for epoch 2/20.
[seed=123] Finished evaluation for epoch 2/20.
[seed=123] Epoch 2: train_loss=1.6138, val_loss=1.6099, acc=0.2000, edit_dist=0.8272
[seed=123] Starting epoch 3/20...
[seed=123] Finished training for epoch 3/20.
[seed=123] Finished evaluation for epoch 3/20.
[seed=123] Epoch 3: train_loss=1.6129, val_loss=1.6098, acc=0.2000, edit_dist=0.8418
[seed=123] Starting epoch 4/20...
[seed=123] Finished training for epoch 4/20.
[seed=123] Finished evaluation for epoch 4/20.
[seed=123] Epoch 4: train_loss=1.6116, val_loss=1.6096, acc=0.2000, edit_dist=0.8335
[seed=123] Starting epoch 5/20...
[seed=123] Finished training for epoch 5/20.
[seed=123] Finished evaluation for epoch 5/20.
[seed=123] Epoch 5: train_loss=1.6113, val_loss=1.6096, acc=0.2000, edit_dist=0.8323
[seed=123] Starting epoch 6/20...
[seed=123] Finished training for epoch 6/20.
[seed=123] Finished evaluation for epoch 6/20.
[seed=123] Epoch 6: train_loss=1.6100, val_loss=1.6098, acc=0.2000, edit_dist=0.8262
[seed=123] Starting epoch 7/20...
[seed=123] Finished training for epoch 7/20.
[seed=123] Finished evaluation for epoch 7/20.
[seed=123] Epoch 7: train_loss=1.6101, val_loss=1.6096, acc=0.2000, edit_dist=0.8410
[seed=123] Starting epoch 8/20...
[seed=123] Finished training for epoch 8/20.
[seed=123] Finished evaluation for epoch 8/20.
[seed=123] Epoch 8: train_loss=1.6096, val_loss=1.6094, acc=0.2000, edit_dist=0.8378
[seed=123] Starting epoch 9/20...
[seed=123] Finished training for epoch 9/20.
[seed=123] Finished evaluation for epoch 9/20.
[seed=123] Epoch 9: train_loss=1.6095, val_loss=1.6096, acc=0.2000, edit_dist=0.8307
[seed=123] Starting epoch 10/20...
[seed=123] Finished training for epoch 10/20.
[seed=123] Finished evaluation for epoch 10/20.
[seed=123] Epoch 10: train_loss=1.6096, val_loss=1.6094, acc=0.2072, edit_dist=0.8364
[seed=123] Starting epoch 11/20...
[seed=123] Finished training for epoch 11/20.
[seed=123] Finished evaluation for epoch 11/20.
[seed=123] Epoch 11: train_loss=1.6096, val_loss=1.6095, acc=0.2000, edit_dist=0.8285
[seed=123] Starting epoch 12/20...
[seed=123] Finished training for epoch 12/20.
[seed=123] Finished evaluation for epoch 12/20.
[seed=123] Epoch 12: train_loss=1.6098, val_loss=1.6095, acc=0.2000, edit_dist=0.8378
[seed=123] Starting epoch 13/20...
[seed=123] Finished training for epoch 13/20.
[seed=123] Finished evaluation for epoch 13/20.
[seed=123] Epoch 13: train_loss=1.6094, val_loss=1.6095, acc=0.2004, edit_dist=0.8309
[seed=123] Starting epoch 14/20...
[seed=123] Finished training for epoch 14/20.
[seed=123] Finished evaluation for epoch 14/20.
[seed=123] Epoch 14: train_loss=1.6092, val_loss=1.6086, acc=0.1921, edit_dist=0.8368
[seed=123] Starting epoch 15/20...
[seed=123] Finished training for epoch 15/20.
[seed=123] Finished evaluation for epoch 15/20.
[seed=123] Epoch 15: train_loss=1.6106, val_loss=1.6100, acc=0.2000, edit_dist=0.8414
[seed=123] Starting epoch 16/20...
[seed=123] Finished training for epoch 16/20.
[seed=123] Finished evaluation for epoch 16/20.
[seed=123] Epoch 16: train_loss=1.6187, val_loss=1.6101, acc=0.2060, edit_dist=0.8347
[seed=123] Starting epoch 17/20...
[seed=123] Finished training for epoch 17/20.
[seed=123] Finished evaluation for epoch 17/20.
[seed=123] Epoch 17: train_loss=1.6330, val_loss=1.6396, acc=0.1960, edit_dist=0.8221
[seed=123] Starting epoch 18/20...
[seed=123] Finished training for epoch 18/20.
[seed=123] Finished evaluation for epoch 18/20.
[seed=123] Epoch 18: train_loss=1.6205, val_loss=1.6181, acc=0.2100, edit_dist=0.8354
[seed=123] Starting epoch 19/20...
[seed=123] Finished training for epoch 19/20.
[seed=123] Finished evaluation for epoch 19/20.
[seed=123] Epoch 19: train_loss=1.6321, val_loss=1.6220, acc=0.1920, edit_dist=0.8380
[seed=123] Starting epoch 20/20...
[seed=123] Finished training for epoch 20/20.
[seed=123] Finished evaluation for epoch 20/20.
[seed=123] Epoch 20: train_loss=1.6274, val_loss=1.6297, acc=0.1800, edit_dist=0.8355
[seed=124] Starting epoch 1/20...
[seed=124] Finished training for epoch 1/20.
[seed=124] Finished evaluation for epoch 1/20.
[seed=124] Epoch 1: train_loss=1.6416, val_loss=1.6105, acc=0.2128, edit_dist=0.8327
[seed=124] Starting epoch 2/20...
[seed=124] Finished training for epoch 2/20.
[seed=124] Finished evaluation for epoch 2/20.
[seed=124] Epoch 2: train_loss=1.6129, val_loss=1.6099, acc=0.1932, edit_dist=0.8280
[seed=124] Starting epoch 3/20...
[seed=124] Finished training for epoch 3/20.
[seed=124] Finished evaluation for epoch 3/20.
[seed=124] Epoch 3: train_loss=1.6121, val_loss=1.6095, acc=0.2013, edit_dist=0.8412
[seed=124] Starting epoch 4/20...
[seed=124] Finished training for epoch 4/20.
[seed=124] Finished evaluation for epoch 4/20.
[seed=124] Epoch 4: train_loss=1.6103, val_loss=1.6095, acc=0.1905, edit_dist=0.8427
[seed=124] Starting epoch 5/20...
[seed=124] Finished training for epoch 5/20.
[seed=124] Finished evaluation for epoch 5/20.
[seed=124] Epoch 5: train_loss=1.6097, val_loss=1.6094, acc=0.2007, edit_dist=0.8230
[seed=124] Starting epoch 6/20...
[seed=124] Finished training for epoch 6/20.
[seed=124] Finished evaluation for epoch 6/20.
[seed=124] Epoch 6: train_loss=1.6100, val_loss=1.6094, acc=0.2000, edit_dist=0.8244
[seed=124] Starting epoch 7/20...
[seed=124] Finished training for epoch 7/20.
[seed=124] Finished evaluation for epoch 7/20.
[seed=124] Epoch 7: train_loss=1.6096, val_loss=1.6095, acc=0.2000, edit_dist=0.8267
[seed=124] Starting epoch 8/20...
[seed=124] Finished training for epoch 8/20.
[seed=124] Finished evaluation for epoch 8/20.
[seed=124] Epoch 8: train_loss=1.6097, val_loss=1.6095, acc=0.2000, edit_dist=0.8271
[seed=124] Starting epoch 9/20...
[seed=124] Finished training for epoch 9/20.
[seed=124] Finished evaluation for epoch 9/20.
[seed=124] Epoch 9: train_loss=1.6094, val_loss=1.6094, acc=0.2000, edit_dist=0.8342
[seed=124] Starting epoch 10/20...
[seed=124] Finished training for epoch 10/20.
[seed=124] Finished evaluation for epoch 10/20.
[seed=124] Epoch 10: train_loss=1.6096, val_loss=1.6095, acc=0.2000, edit_dist=0.8439
[seed=124] Starting epoch 11/20...
[seed=124] Finished training for epoch 11/20.
[seed=124] Finished evaluation for epoch 11/20.
[seed=124] Epoch 11: train_loss=1.6095, val_loss=1.6095, acc=0.2000, edit_dist=0.8343
[seed=124] Starting epoch 12/20...
[seed=124] Finished training for epoch 12/20.
[seed=124] Finished evaluation for epoch 12/20.
[seed=124] Epoch 12: train_loss=1.6097, val_loss=1.6094, acc=0.2000, edit_dist=0.8307
[seed=124] Starting epoch 13/20...
[seed=124] Finished training for epoch 13/20.
[seed=124] Finished evaluation for epoch 13/20.
[seed=124] Epoch 13: train_loss=1.6094, val_loss=1.6095, acc=0.1999, edit_dist=0.8307
[seed=124] Starting epoch 14/20...
[seed=124] Finished training for epoch 14/20.
[seed=124] Finished evaluation for epoch 14/20.
[seed=124] Epoch 14: train_loss=1.6095, val_loss=1.6095, acc=0.1963, edit_dist=0.8340
[seed=124] Starting epoch 15/20...
[seed=124] Finished training for epoch 15/20.
[seed=124] Finished evaluation for epoch 15/20.
[seed=124] Epoch 15: train_loss=1.6094, val_loss=1.6094, acc=0.2000, edit_dist=0.8278
[seed=124] Starting epoch 16/20...
[seed=124] Finished training for epoch 16/20.
[seed=124] Finished evaluation for epoch 16/20.
[seed=124] Epoch 16: train_loss=1.6094, val_loss=1.6094, acc=0.2037, edit_dist=0.8309
[seed=124] Starting epoch 17/20...
[seed=124] Finished training for epoch 17/20.
[seed=124] Finished evaluation for epoch 17/20.
[seed=124] Epoch 17: train_loss=1.6096, val_loss=1.6094, acc=0.2000, edit_dist=0.8376
[seed=124] Starting epoch 18/20...
[seed=124] Finished training for epoch 18/20.
[seed=124] Finished evaluation for epoch 18/20.
[seed=124] Epoch 18: train_loss=1.6096, val_loss=1.6094, acc=0.2000, edit_dist=0.8376
[seed=124] Starting epoch 19/20...
[seed=124] Finished training for epoch 19/20.
[seed=124] Finished evaluation for epoch 19/20.
[seed=124] Epoch 19: train_loss=1.6095, val_loss=1.6094, acc=0.2000, edit_dist=0.8190
[seed=124] Starting epoch 20/20...
[seed=124] Finished training for epoch 20/20.
[seed=124] Finished evaluation for epoch 20/20.
[seed=124] Epoch 20: train_loss=1.6095, val_loss=1.6095, acc=0.2000, edit_dist=0.8388
[seed=125] Starting epoch 1/20...
[seed=125] Finished training for epoch 1/20.
[seed=125] Finished evaluation for epoch 1/20.
[seed=125] Epoch 1: train_loss=1.6407, val_loss=1.6098, acc=0.2000, edit_dist=0.8269
[seed=125] Starting epoch 2/20...
[seed=125] Finished training for epoch 2/20.
[seed=125] Finished evaluation for epoch 2/20.
[seed=125] Epoch 2: train_loss=1.6115, val_loss=1.6098, acc=0.2000, edit_dist=0.8425
[seed=125] Starting epoch 3/20...
[seed=125] Finished training for epoch 3/20.
[seed=125] Finished evaluation for epoch 3/20.
[seed=125] Epoch 3: train_loss=1.6104, val_loss=1.6095, acc=0.2000, edit_dist=0.8273
[seed=125] Starting epoch 4/20...
[seed=125] Finished training for epoch 4/20.
[seed=125] Finished evaluation for epoch 4/20.
[seed=125] Epoch 4: train_loss=1.6100, val_loss=1.6096, acc=0.2000, edit_dist=0.8382
[seed=125] Starting epoch 5/20...
[seed=125] Finished training for epoch 5/20.
[seed=125] Finished evaluation for epoch 5/20.
[seed=125] Epoch 5: train_loss=1.6097, val_loss=1.6095, acc=0.2000, edit_dist=0.8262
[seed=125] Starting epoch 6/20...
[seed=125] Finished training for epoch 6/20.
[seed=125] Finished evaluation for epoch 6/20.
[seed=125] Epoch 6: train_loss=1.6097, val_loss=1.6095, acc=0.2000, edit_dist=0.8334
[seed=125] Starting epoch 7/20...
[seed=125] Finished training for epoch 7/20.
[seed=125] Finished evaluation for epoch 7/20.
[seed=125] Epoch 7: train_loss=1.6096, val_loss=1.6095, acc=0.1996, edit_dist=0.8372
[seed=125] Starting epoch 8/20...
[seed=125] Finished training for epoch 8/20.
[seed=125] Finished evaluation for epoch 8/20.
[seed=125] Epoch 8: train_loss=1.6097, val_loss=1.6094, acc=0.1952, edit_dist=0.8289
[seed=125] Starting epoch 9/20...
[seed=125] Finished training for epoch 9/20.
[seed=125] Finished evaluation for epoch 9/20.
[seed=125] Epoch 9: train_loss=1.6095, val_loss=1.6094, acc=0.2000, edit_dist=0.8423
[seed=125] Starting epoch 10/20...
[seed=125] Finished training for epoch 10/20.
[seed=125] Finished evaluation for epoch 10/20.
[seed=125] Epoch 10: train_loss=1.6095, val_loss=1.6095, acc=0.2000, edit_dist=0.8427
[seed=125] Starting epoch 11/20...
[seed=125] Finished training for epoch 11/20.
[seed=125] Finished evaluation for epoch 11/20.
[seed=125] Epoch 11: train_loss=1.6097, val_loss=1.6095, acc=0.2000, edit_dist=0.8285
[seed=125] Starting epoch 12/20...
[seed=125] Finished training for epoch 12/20.
[seed=125] Finished evaluation for epoch 12/20.
[seed=125] Epoch 12: train_loss=1.6095, val_loss=1.6094, acc=0.2045, edit_dist=0.8315
[seed=125] Starting epoch 13/20...
[seed=125] Finished training for epoch 13/20.
[seed=125] Finished evaluation for epoch 13/20.
[seed=125] Epoch 13: train_loss=1.6096, val_loss=1.6094, acc=0.2000, edit_dist=0.8308
[seed=125] Starting epoch 14/20...
[seed=125] Finished training for epoch 14/20.
[seed=125] Finished evaluation for epoch 14/20.
[seed=125] Epoch 14: train_loss=1.6095, val_loss=1.6095, acc=0.2000, edit_dist=0.8354
[seed=125] Starting epoch 15/20...
[seed=125] Finished training for epoch 15/20.
[seed=125] Finished evaluation for epoch 15/20.
[seed=125] Epoch 15: train_loss=1.6093, val_loss=1.6095, acc=0.2000, edit_dist=0.8291
[seed=125] Starting epoch 16/20...
[seed=125] Finished training for epoch 16/20.
[seed=125] Finished evaluation for epoch 16/20.
[seed=125] Epoch 16: train_loss=1.6095, val_loss=1.6095, acc=0.2000, edit_dist=0.8317
[seed=125] Starting epoch 17/20...
[seed=125] Finished training for epoch 17/20.
[seed=125] Finished evaluation for epoch 17/20.
[seed=125] Epoch 17: train_loss=1.6096, val_loss=1.6095, acc=0.2000, edit_dist=0.8322
[seed=125] Starting epoch 18/20...
[seed=125] Finished training for epoch 18/20.
[seed=125] Finished evaluation for epoch 18/20.
[seed=125] Epoch 18: train_loss=1.6097, val_loss=1.6094, acc=0.2000, edit_dist=0.8411
[seed=125] Starting epoch 19/20...
[seed=125] Finished training for epoch 19/20.
[seed=125] Finished evaluation for epoch 19/20.
[seed=125] Epoch 19: train_loss=1.6094, val_loss=1.6094, acc=0.2000, edit_dist=0.8384
[seed=125] Starting epoch 20/20...
[seed=125] Finished training for epoch 20/20.
[seed=125] Finished evaluation for epoch 20/20.
[seed=125] Epoch 20: train_loss=1.6095, val_loss=1.6095, acc=0.2000, edit_dist=0.8447
Starting denoising text classification experiment with args: Namespace(rule='hebbian', embedding_dim=256, char_embed_dim=32, hidden_dim=128, encoder_layers=2, model_dim=256, num_heads=4, num_layers=2, ffn_dim=512, dropout=0.1, aux_dim=4, eta0=0.2, max_norm=1.0, ways=5, shots=1, queries=15, noise_type='transposition', noise_prob=0.2, epochs=20, episodes_per_epoch=200, val_episodes=100, lr=0.001, weight_decay=0.0005, clip_norm=5.0, device='auto', base_seed=123, seeds=3, output_path='experiments/results/denoising_text_rule-hebbian_noise-transposition_prob-02.json')
Running denoising text classification experiment...
[seed=123] Starting epoch 1/20...
[seed=123] Finished training for epoch 1/20.
[seed=123] Finished evaluation for epoch 1/20.
[seed=123] Epoch 1: train_loss=1.6385, val_loss=1.6102, acc=0.1832, edit_dist=0.8574
[seed=123] Starting epoch 2/20...
[seed=123] Finished training for epoch 2/20.
[seed=123] Finished evaluation for epoch 2/20.
[seed=123] Epoch 2: train_loss=1.6141, val_loss=1.6095, acc=0.1847, edit_dist=0.8643
[seed=123] Starting epoch 3/20...
[seed=123] Finished training for epoch 3/20.
[seed=123] Finished evaluation for epoch 3/20.
[seed=123] Epoch 3: train_loss=1.6111, val_loss=1.6095, acc=0.2000, edit_dist=0.8517
[seed=123] Starting epoch 4/20...
[seed=123] Finished training for epoch 4/20.
[seed=123] Finished evaluation for epoch 4/20.
[seed=123] Epoch 4: train_loss=1.6102, val_loss=1.6095, acc=0.2000, edit_dist=0.8544
[seed=123] Starting epoch 5/20...
[seed=123] Finished training for epoch 5/20.
[seed=123] Finished evaluation for epoch 5/20.
[seed=123] Epoch 5: train_loss=1.6109, val_loss=1.6111, acc=0.2000, edit_dist=0.8552
[seed=123] Starting epoch 6/20...
[seed=123] Finished training for epoch 6/20.
[seed=123] Finished evaluation for epoch 6/20.
[seed=123] Epoch 6: train_loss=1.6095, val_loss=1.6099, acc=0.1868, edit_dist=0.8571
[seed=123] Starting epoch 7/20...
[seed=123] Finished training for epoch 7/20.
[seed=123] Finished evaluation for epoch 7/20.
[seed=123] Epoch 7: train_loss=1.6125, val_loss=1.6096, acc=0.2000, edit_dist=0.8520
[seed=123] Starting epoch 8/20...
[seed=123] Finished training for epoch 8/20.
[seed=123] Finished evaluation for epoch 8/20.
[seed=123] Epoch 8: train_loss=1.6094, val_loss=1.6095, acc=0.2000, edit_dist=0.8568
[seed=123] Starting epoch 9/20...
[seed=123] Finished training for epoch 9/20.
[seed=123] Finished evaluation for epoch 9/20.
[seed=123] Epoch 9: train_loss=1.6097, val_loss=1.6095, acc=0.2004, edit_dist=0.8482
[seed=123] Starting epoch 10/20...
[seed=123] Finished training for epoch 10/20.
[seed=123] Finished evaluation for epoch 10/20.
[seed=123] Epoch 10: train_loss=1.6094, val_loss=1.6095, acc=0.1983, edit_dist=0.8618
[seed=123] Starting epoch 11/20...
[seed=123] Finished training for epoch 11/20.
[seed=123] Finished evaluation for epoch 11/20.
[seed=123] Epoch 11: train_loss=1.6097, val_loss=1.6095, acc=0.2000, edit_dist=0.8613
[seed=123] Starting epoch 12/20...
[seed=123] Finished training for epoch 12/20.
[seed=123] Finished evaluation for epoch 12/20.
[seed=123] Epoch 12: train_loss=1.6095, val_loss=1.6095, acc=0.1957, edit_dist=0.8603
[seed=123] Starting epoch 13/20...
[seed=123] Finished training for epoch 13/20.
[seed=123] Finished evaluation for epoch 13/20.
[seed=123] Epoch 13: train_loss=1.6097, val_loss=1.6095, acc=0.1956, edit_dist=0.8626
[seed=123] Starting epoch 14/20...
[seed=123] Finished training for epoch 14/20.
[seed=123] Finished evaluation for epoch 14/20.
[seed=123] Epoch 14: train_loss=1.6097, val_loss=1.6095, acc=0.2000, edit_dist=0.8594
[seed=123] Starting epoch 15/20...
[seed=123] Finished training for epoch 15/20.
[seed=123] Finished evaluation for epoch 15/20.
[seed=123] Epoch 15: train_loss=1.6096, val_loss=1.6096, acc=0.1996, edit_dist=0.8656
[seed=123] Starting epoch 16/20...
[seed=123] Finished training for epoch 16/20.
[seed=123] Finished evaluation for epoch 16/20.
[seed=123] Epoch 16: train_loss=1.6095, val_loss=1.6094, acc=0.2000, edit_dist=0.8596
[seed=123] Starting epoch 17/20...
[seed=123] Finished training for epoch 17/20.
[seed=123] Finished evaluation for epoch 17/20.
[seed=123] Epoch 17: train_loss=1.6096, val_loss=1.6094, acc=0.2000, edit_dist=0.8558
[seed=123] Starting epoch 18/20...
[seed=123] Finished training for epoch 18/20.
[seed=123] Finished evaluation for epoch 18/20.
[seed=123] Epoch 18: train_loss=1.6095, val_loss=1.6094, acc=0.2000, edit_dist=0.8675
[seed=123] Starting epoch 19/20...
[seed=123] Finished training for epoch 19/20.
[seed=123] Finished evaluation for epoch 19/20.
[seed=123] Epoch 19: train_loss=1.6095, val_loss=1.6095, acc=0.2000, edit_dist=0.8619
[seed=123] Starting epoch 20/20...
[seed=123] Finished training for epoch 20/20.
[seed=123] Finished evaluation for epoch 20/20.
[seed=123] Epoch 20: train_loss=1.6096, val_loss=1.6095, acc=0.2000, edit_dist=0.8515
[seed=124] Starting epoch 1/20...
[seed=124] Finished training for epoch 1/20.
[seed=124] Finished evaluation for epoch 1/20.
[seed=124] Epoch 1: train_loss=1.6421, val_loss=1.6097, acc=0.2000, edit_dist=0.8651
[seed=124] Starting epoch 2/20...
[seed=124] Finished training for epoch 2/20.
[seed=124] Finished evaluation for epoch 2/20.
[seed=124] Epoch 2: train_loss=1.6124, val_loss=1.6098, acc=0.1864, edit_dist=0.8639
[seed=124] Starting epoch 3/20...
[seed=124] Finished training for epoch 3/20.
[seed=124] Finished evaluation for epoch 3/20.
[seed=124] Epoch 3: train_loss=1.6135, val_loss=1.6098, acc=0.2000, edit_dist=0.8573
[seed=124] Starting epoch 4/20...
[seed=124] Finished training for epoch 4/20.
[seed=124] Finished evaluation for epoch 4/20.
[seed=124] Epoch 4: train_loss=1.6098, val_loss=1.6088, acc=0.2189, edit_dist=0.8680
[seed=124] Starting epoch 5/20...
[seed=124] Finished training for epoch 5/20.
[seed=124] Finished evaluation for epoch 5/20.
[seed=124] Epoch 5: train_loss=1.6115, val_loss=1.6094, acc=0.2000, edit_dist=0.8638
[seed=124] Starting epoch 6/20...
[seed=124] Finished training for epoch 6/20.
[seed=124] Finished evaluation for epoch 6/20.
[seed=124] Epoch 6: train_loss=1.6096, val_loss=1.6106, acc=0.1877, edit_dist=0.8516
[seed=124] Starting epoch 7/20...
[seed=124] Finished training for epoch 7/20.
[seed=124] Finished evaluation for epoch 7/20.
[seed=124] Epoch 7: train_loss=1.6108, val_loss=1.6188, acc=0.1860, edit_dist=0.8463
[seed=124] Starting epoch 8/20...
[seed=124] Finished training for epoch 8/20.
[seed=124] Finished evaluation for epoch 8/20.
[seed=124] Epoch 8: train_loss=1.6133, val_loss=1.6090, acc=0.1840, edit_dist=0.8583
[seed=124] Starting epoch 9/20...
[seed=124] Finished training for epoch 9/20.
[seed=124] Finished evaluation for epoch 9/20.
[seed=124] Epoch 9: train_loss=1.6103, val_loss=1.6090, acc=0.1983, edit_dist=0.8573
[seed=124] Starting epoch 10/20...
[seed=124] Finished training for epoch 10/20.
[seed=124] Finished evaluation for epoch 10/20.
[seed=124] Epoch 10: train_loss=1.6098, val_loss=1.6101, acc=0.1880, edit_dist=0.8578
[seed=124] Starting epoch 11/20...
[seed=124] Finished training for epoch 11/20.
[seed=124] Finished evaluation for epoch 11/20.
[seed=124] Epoch 11: train_loss=1.6096, val_loss=1.6094, acc=0.2081, edit_dist=0.8604
[seed=124] Starting epoch 12/20...
[seed=124] Finished training for epoch 12/20.
[seed=124] Finished evaluation for epoch 12/20.
[seed=124] Epoch 12: train_loss=1.6115, val_loss=1.6098, acc=0.1937, edit_dist=0.8535
[seed=124] Starting epoch 13/20...
[seed=124] Finished training for epoch 13/20.
[seed=124] Finished evaluation for epoch 13/20.
[seed=124] Epoch 13: train_loss=1.6098, val_loss=1.6094, acc=0.2008, edit_dist=0.8548
[seed=124] Starting epoch 14/20...
[seed=124] Finished training for epoch 14/20.
[seed=124] Finished evaluation for epoch 14/20.
[seed=124] Epoch 14: train_loss=1.6099, val_loss=1.6091, acc=0.2080, edit_dist=0.8529
[seed=124] Starting epoch 15/20...
[seed=124] Finished training for epoch 15/20.
[seed=124] Finished evaluation for epoch 15/20.
[seed=124] Epoch 15: train_loss=1.6094, val_loss=1.6094, acc=0.1880, edit_dist=0.8598
[seed=124] Starting epoch 16/20...
[seed=124] Finished training for epoch 16/20.
[seed=124] Finished evaluation for epoch 16/20.
[seed=124] Epoch 16: train_loss=1.6098, val_loss=1.6095, acc=0.1824, edit_dist=0.8653
[seed=124] Starting epoch 17/20...
[seed=124] Finished training for epoch 17/20.
[seed=124] Finished evaluation for epoch 17/20.
[seed=124] Epoch 17: train_loss=1.6096, val_loss=1.6094, acc=0.2000, edit_dist=0.8560
[seed=124] Starting epoch 18/20...
[seed=124] Finished training for epoch 18/20.
[seed=124] Finished evaluation for epoch 18/20.
[seed=124] Epoch 18: train_loss=1.6096, val_loss=1.6096, acc=0.2020, edit_dist=0.8605
[seed=124] Starting epoch 19/20...
[seed=124] Finished training for epoch 19/20.
[seed=124] Finished evaluation for epoch 19/20.
[seed=124] Epoch 19: train_loss=1.6095, val_loss=1.6092, acc=0.2140, edit_dist=0.8594
[seed=124] Starting epoch 20/20...
[seed=124] Finished training for epoch 20/20.
[seed=124] Finished evaluation for epoch 20/20.
[seed=124] Epoch 20: train_loss=1.6098, val_loss=1.6092, acc=0.2000, edit_dist=0.8616
[seed=125] Starting epoch 1/20...
[seed=125] Finished training for epoch 1/20.
[seed=125] Finished evaluation for epoch 1/20.
[seed=125] Epoch 1: train_loss=1.6343, val_loss=1.6097, acc=0.2011, edit_dist=0.8642
[seed=125] Starting epoch 2/20...
[seed=125] Finished training for epoch 2/20.
[seed=125] Finished evaluation for epoch 2/20.
[seed=125] Epoch 2: train_loss=1.6156, val_loss=1.6093, acc=0.2200, edit_dist=0.8643
[seed=125] Starting epoch 3/20...
[seed=125] Finished training for epoch 3/20.
[seed=125] Finished evaluation for epoch 3/20.
[seed=125] Epoch 3: train_loss=1.6129, val_loss=1.6096, acc=0.2000, edit_dist=0.8588
[seed=125] Starting epoch 4/20...
[seed=125] Finished training for epoch 4/20.
[seed=125] Finished evaluation for epoch 4/20.
[seed=125] Epoch 4: train_loss=1.6102, val_loss=1.6096, acc=0.2000, edit_dist=0.8635
[seed=125] Starting epoch 5/20...
[seed=125] Finished training for epoch 5/20.
[seed=125] Finished evaluation for epoch 5/20.
[seed=125] Epoch 5: train_loss=1.6101, val_loss=1.6092, acc=0.2000, edit_dist=0.8556
[seed=125] Starting epoch 6/20...
[seed=125] Finished training for epoch 6/20.
[seed=125] Finished evaluation for epoch 6/20.
[seed=125] Epoch 6: train_loss=1.6100, val_loss=1.6097, acc=0.2000, edit_dist=0.8704
[seed=125] Starting epoch 7/20...
[seed=125] Finished training for epoch 7/20.
[seed=125] Finished evaluation for epoch 7/20.
[seed=125] Epoch 7: train_loss=1.6099, val_loss=1.6096, acc=0.2000, edit_dist=0.8479
[seed=125] Starting epoch 8/20...
[seed=125] Finished training for epoch 8/20.
[seed=125] Finished evaluation for epoch 8/20.
[seed=125] Epoch 8: train_loss=1.6097, val_loss=1.6095, acc=0.2000, edit_dist=0.8642
[seed=125] Starting epoch 9/20...
[seed=125] Finished training for epoch 9/20.
[seed=125] Finished evaluation for epoch 9/20.
[seed=125] Epoch 9: train_loss=1.6098, val_loss=1.6096, acc=0.2000, edit_dist=0.8630
[seed=125] Starting epoch 10/20...
[seed=125] Finished training for epoch 10/20.
[seed=125] Finished evaluation for epoch 10/20.
[seed=125] Epoch 10: train_loss=1.6096, val_loss=1.6096, acc=0.1780, edit_dist=0.8603
[seed=125] Starting epoch 11/20...
[seed=125] Finished training for epoch 11/20.
[seed=125] Finished evaluation for epoch 11/20.
[seed=125] Epoch 11: train_loss=1.6097, val_loss=1.6095, acc=0.1788, edit_dist=0.8699
[seed=125] Starting epoch 12/20...
[seed=125] Finished training for epoch 12/20.
[seed=125] Finished evaluation for epoch 12/20.
[seed=125] Epoch 12: train_loss=1.6097, val_loss=1.6095, acc=0.2000, edit_dist=0.8545
[seed=125] Starting epoch 13/20...
[seed=125] Finished training for epoch 13/20.
[seed=125] Finished evaluation for epoch 13/20.
[seed=125] Epoch 13: train_loss=1.6096, val_loss=1.6094, acc=0.2128, edit_dist=0.8608
[seed=125] Starting epoch 14/20...
[seed=125] Finished training for epoch 14/20.
[seed=125] Finished evaluation for epoch 14/20.
[seed=125] Epoch 14: train_loss=1.6267, val_loss=1.6118, acc=0.1940, edit_dist=0.8512
[seed=125] Starting epoch 15/20...
[seed=125] Finished training for epoch 15/20.
[seed=125] Finished evaluation for epoch 15/20.
[seed=125] Epoch 15: train_loss=1.6238, val_loss=1.6505, acc=0.2180, edit_dist=0.8664
[seed=125] Starting epoch 16/20...
[seed=125] Finished training for epoch 16/20.
[seed=125] Finished evaluation for epoch 16/20.
[seed=125] Epoch 16: train_loss=1.6300, val_loss=1.6365, acc=0.2180, edit_dist=0.8547
[seed=125] Starting epoch 17/20...
[seed=125] Finished training for epoch 17/20.
[seed=125] Finished evaluation for epoch 17/20.
[seed=125] Epoch 17: train_loss=1.6274, val_loss=1.6160, acc=0.1780, edit_dist=0.8498
[seed=125] Starting epoch 18/20...
[seed=125] Finished training for epoch 18/20.
[seed=125] Finished evaluation for epoch 18/20.
[seed=125] Epoch 18: train_loss=1.6233, val_loss=1.6145, acc=0.2019, edit_dist=0.8572
[seed=125] Starting epoch 19/20...
[seed=125] Finished training for epoch 19/20.
[seed=125] Finished evaluation for epoch 19/20.
[seed=125] Epoch 19: train_loss=1.6218, val_loss=1.6302, acc=0.2020, edit_dist=0.8729
[seed=125] Starting epoch 20/20...
[seed=125] Finished training for epoch 20/20.
[seed=125] Finished evaluation for epoch 20/20.
[seed=125] Epoch 20: train_loss=1.6137, val_loss=1.6102, acc=0.2000, edit_dist=0.8668
Starting denoising text classification experiment with args: Namespace(rule='gradient', embedding_dim=256, char_embed_dim=32, hidden_dim=128, encoder_layers=2, model_dim=256, num_heads=4, num_layers=2, ffn_dim=512, dropout=0.1, aux_dim=4, eta0=0.2, max_norm=1.0, ways=5, shots=1, queries=15, noise_type='transposition', noise_prob=0.0, epochs=20, episodes_per_epoch=200, val_episodes=100, lr=0.001, weight_decay=0.0005, clip_norm=5.0, device='auto', base_seed=123, seeds=3, output_path='experiments/results/denoising_text_rule-gradient_noise-transposition_prob-0.json')
Running denoising text classification experiment...
[seed=123] Starting epoch 1/20...
[seed=123] Finished training for epoch 1/20.
[seed=123] Finished evaluation for epoch 1/20.
[seed=123] Epoch 1: train_loss=1.6415, val_loss=1.6098, acc=0.1803, edit_dist=0.8016
[seed=123] Starting epoch 2/20...
[seed=123] Finished training for epoch 2/20.
[seed=123] Finished evaluation for epoch 2/20.
[seed=123] Epoch 2: train_loss=1.6134, val_loss=1.6095, acc=0.2004, edit_dist=0.8093
[seed=123] Starting epoch 3/20...
[seed=123] Finished training for epoch 3/20.
[seed=123] Finished evaluation for epoch 3/20.
[seed=123] Epoch 3: train_loss=1.6119, val_loss=1.6095, acc=0.2000, edit_dist=0.8018
[seed=123] Starting epoch 4/20...
[seed=123] Finished training for epoch 4/20.
[seed=123] Finished evaluation for epoch 4/20.
[seed=123] Epoch 4: train_loss=1.6099, val_loss=1.6095, acc=0.2000, edit_dist=0.8105
[seed=123] Starting epoch 5/20...
[seed=123] Finished training for epoch 5/20.
[seed=123] Finished evaluation for epoch 5/20.
[seed=123] Epoch 5: train_loss=1.6098, val_loss=1.6095, acc=0.2000, edit_dist=0.7996
[seed=123] Starting epoch 6/20...
[seed=123] Finished training for epoch 6/20.
[seed=123] Finished evaluation for epoch 6/20.
[seed=123] Epoch 6: train_loss=1.6096, val_loss=1.6095, acc=0.2000, edit_dist=0.8069
[seed=123] Starting epoch 7/20...
[seed=123] Finished training for epoch 7/20.
[seed=123] Finished evaluation for epoch 7/20.
[seed=123] Epoch 7: train_loss=1.6097, val_loss=1.6095, acc=0.2000, edit_dist=0.8056
[seed=123] Starting epoch 8/20...
[seed=123] Finished training for epoch 8/20.
[seed=123] Finished evaluation for epoch 8/20.
[seed=123] Epoch 8: train_loss=1.6097, val_loss=1.6095, acc=0.2000, edit_dist=0.8014
[seed=123] Starting epoch 9/20...
[seed=123] Finished training for epoch 9/20.
[seed=123] Finished evaluation for epoch 9/20.
[seed=123] Epoch 9: train_loss=1.6095, val_loss=1.6095, acc=0.2000, edit_dist=0.7991
[seed=123] Starting epoch 10/20...
[seed=123] Finished training for epoch 10/20.
[seed=123] Finished evaluation for epoch 10/20.
[seed=123] Epoch 10: train_loss=1.6097, val_loss=1.6095, acc=0.2000, edit_dist=0.7989
[seed=123] Starting epoch 11/20...
[seed=123] Finished training for epoch 11/20.
[seed=123] Finished evaluation for epoch 11/20.
[seed=123] Epoch 11: train_loss=1.6095, val_loss=1.6094, acc=0.2000, edit_dist=0.8100
[seed=123] Starting epoch 12/20...
[seed=123] Finished training for epoch 12/20.
[seed=123] Finished evaluation for epoch 12/20.
[seed=123] Epoch 12: train_loss=1.6095, val_loss=1.6095, acc=0.2000, edit_dist=0.8005
[seed=123] Starting epoch 13/20...
[seed=123] Finished training for epoch 13/20.
[seed=123] Finished evaluation for epoch 13/20.
[seed=123] Epoch 13: train_loss=1.6096, val_loss=1.6094, acc=0.2000, edit_dist=0.8011
[seed=123] Starting epoch 14/20...
[seed=123] Finished training for epoch 14/20.
[seed=123] Finished evaluation for epoch 14/20.
[seed=123] Epoch 14: train_loss=1.6096, val_loss=1.6094, acc=0.2000, edit_dist=0.8016
[seed=123] Starting epoch 15/20...
[seed=123] Finished training for epoch 15/20.
[seed=123] Finished evaluation for epoch 15/20.
[seed=123] Epoch 15: train_loss=1.6094, val_loss=1.6094, acc=0.2000, edit_dist=0.8205
[seed=123] Starting epoch 16/20...
[seed=123] Finished training for epoch 16/20.
[seed=123] Finished evaluation for epoch 16/20.
[seed=123] Epoch 16: train_loss=1.6095, val_loss=1.6094, acc=0.2000, edit_dist=0.7983
[seed=123] Starting epoch 17/20...
[seed=123] Finished training for epoch 17/20.
[seed=123] Finished evaluation for epoch 17/20.
[seed=123] Epoch 17: train_loss=1.6095, val_loss=1.6094, acc=0.2000, edit_dist=0.7972
[seed=123] Starting epoch 18/20...
[seed=123] Finished training for epoch 18/20.
[seed=123] Finished evaluation for epoch 18/20.
[seed=123] Epoch 18: train_loss=1.6095, val_loss=1.6095, acc=0.2000, edit_dist=0.8071
[seed=123] Starting epoch 19/20...
[seed=123] Finished training for epoch 19/20.
[seed=123] Finished evaluation for epoch 19/20.
[seed=123] Epoch 19: train_loss=1.6097, val_loss=1.6095, acc=0.2200, edit_dist=0.8038
[seed=123] Starting epoch 20/20...
[seed=123] Finished training for epoch 20/20.
[seed=123] Finished evaluation for epoch 20/20.
[seed=123] Epoch 20: train_loss=1.6095, val_loss=1.6097, acc=0.2220, edit_dist=0.8000
[seed=124] Starting epoch 1/20...
[seed=124] Finished training for epoch 1/20.
[seed=124] Finished evaluation for epoch 1/20.
[seed=124] Epoch 1: train_loss=1.6388, val_loss=1.6096, acc=0.2000, edit_dist=0.8046
[seed=124] Starting epoch 2/20...
[seed=124] Finished training for epoch 2/20.
[seed=124] Finished evaluation for epoch 2/20.
[seed=124] Epoch 2: train_loss=1.6130, val_loss=1.6095, acc=0.1920, edit_dist=0.8051
[seed=124] Starting epoch 3/20...
[seed=124] Finished training for epoch 3/20.
[seed=124] Finished evaluation for epoch 3/20.
[seed=124] Epoch 3: train_loss=1.6104, val_loss=1.6095, acc=0.2000, edit_dist=0.8101
[seed=124] Starting epoch 4/20...
[seed=124] Finished training for epoch 4/20.
[seed=124] Finished evaluation for epoch 4/20.
[seed=124] Epoch 4: train_loss=1.6102, val_loss=1.6095, acc=0.2000, edit_dist=0.8137
[seed=124] Starting epoch 5/20...
[seed=124] Finished training for epoch 5/20.
[seed=124] Finished evaluation for epoch 5/20.
[seed=124] Epoch 5: train_loss=1.6098, val_loss=1.6095, acc=0.2000, edit_dist=0.8055
[seed=124] Starting epoch 6/20...
[seed=124] Finished training for epoch 6/20.
[seed=124] Finished evaluation for epoch 6/20.
[seed=124] Epoch 6: train_loss=1.6098, val_loss=1.6095, acc=0.2000, edit_dist=0.8068
[seed=124] Starting epoch 7/20...
[seed=124] Finished training for epoch 7/20.
[seed=124] Finished evaluation for epoch 7/20.
[seed=124] Epoch 7: train_loss=1.6095, val_loss=1.6095, acc=0.2000, edit_dist=0.7976
[seed=124] Starting epoch 8/20...
[seed=124] Finished training for epoch 8/20.
[seed=124] Finished evaluation for epoch 8/20.
[seed=124] Epoch 8: train_loss=1.6096, val_loss=1.6095, acc=0.2000, edit_dist=0.8032
[seed=124] Starting epoch 9/20...
[seed=124] Finished training for epoch 9/20.
[seed=124] Finished evaluation for epoch 9/20.
[seed=124] Epoch 9: train_loss=1.6096, val_loss=1.6095, acc=0.2000, edit_dist=0.8086
[seed=124] Starting epoch 10/20...
[seed=124] Finished training for epoch 10/20.
[seed=124] Finished evaluation for epoch 10/20.
[seed=124] Epoch 10: train_loss=1.6095, val_loss=1.6095, acc=0.2000, edit_dist=0.8022
[seed=124] Starting epoch 11/20...
[seed=124] Finished training for epoch 11/20.
[seed=124] Finished evaluation for epoch 11/20.
[seed=124] Epoch 11: train_loss=1.6095, val_loss=1.6094, acc=0.2000, edit_dist=0.7992
[seed=124] Starting epoch 12/20...
[seed=124] Finished training for epoch 12/20.
[seed=124] Finished evaluation for epoch 12/20.
[seed=124] Epoch 12: train_loss=1.6097, val_loss=1.6094, acc=0.2000, edit_dist=0.8016
[seed=124] Starting epoch 13/20...
[seed=124] Finished training for epoch 13/20.
[seed=124] Finished evaluation for epoch 13/20.
[seed=124] Epoch 13: train_loss=1.6093, val_loss=1.6095, acc=0.2000, edit_dist=0.7990
[seed=124] Starting epoch 14/20...
[seed=124] Finished training for epoch 14/20.
[seed=124] Finished evaluation for epoch 14/20.
[seed=124] Epoch 14: train_loss=1.6096, val_loss=1.6095, acc=0.2000, edit_dist=0.8002
[seed=124] Starting epoch 15/20...
[seed=124] Finished training for epoch 15/20.
[seed=124] Finished evaluation for epoch 15/20.
[seed=124] Epoch 15: train_loss=1.6096, val_loss=1.6094, acc=0.2000, edit_dist=0.7995
[seed=124] Starting epoch 16/20...
[seed=124] Finished training for epoch 16/20.
[seed=124] Finished evaluation for epoch 16/20.
[seed=124] Epoch 16: train_loss=1.6095, val_loss=1.6094, acc=0.2000, edit_dist=0.8045
[seed=124] Starting epoch 17/20...
[seed=124] Finished training for epoch 17/20.
[seed=124] Finished evaluation for epoch 17/20.
[seed=124] Epoch 17: train_loss=1.6095, val_loss=1.6094, acc=0.2000, edit_dist=0.8127
[seed=124] Starting epoch 18/20...
[seed=124] Finished training for epoch 18/20.
[seed=124] Finished evaluation for epoch 18/20.
[seed=124] Epoch 18: train_loss=1.6095, val_loss=1.6094, acc=0.2000, edit_dist=0.8079
[seed=124] Starting epoch 19/20...
[seed=124] Finished training for epoch 19/20.
[seed=124] Finished evaluation for epoch 19/20.
[seed=124] Epoch 19: train_loss=1.6096, val_loss=1.6094, acc=0.2000, edit_dist=0.7993
[seed=124] Starting epoch 20/20...
[seed=124] Finished training for epoch 20/20.
[seed=124] Finished evaluation for epoch 20/20.
[seed=124] Epoch 20: train_loss=1.6095, val_loss=1.6094, acc=0.2000, edit_dist=0.7996
[seed=125] Starting epoch 1/20...
[seed=125] Finished training for epoch 1/20.
[seed=125] Finished evaluation for epoch 1/20.
[seed=125] Epoch 1: train_loss=1.6396, val_loss=1.6093, acc=0.2095, edit_dist=0.8153
[seed=125] Starting epoch 2/20...
[seed=125] Finished training for epoch 2/20.
[seed=125] Finished evaluation for epoch 2/20.
[seed=125] Epoch 2: train_loss=1.6119, val_loss=1.6072, acc=0.2140, edit_dist=0.8076
[seed=125] Starting epoch 3/20...
[seed=125] Finished training for epoch 3/20.
[seed=125] Finished evaluation for epoch 3/20.
[seed=125] Epoch 3: train_loss=1.6117, val_loss=1.6094, acc=0.2100, edit_dist=0.8069
[seed=125] Starting epoch 4/20...
[seed=125] Finished training for epoch 4/20.
[seed=125] Finished evaluation for epoch 4/20.
[seed=125] Epoch 4: train_loss=1.6104, val_loss=1.6097, acc=0.1740, edit_dist=0.7939
[seed=125] Starting epoch 5/20...
[seed=125] Finished training for epoch 5/20.
[seed=125] Finished evaluation for epoch 5/20.
[seed=125] Epoch 5: train_loss=1.6101, val_loss=1.6094, acc=0.2000, edit_dist=0.7970
[seed=125] Starting epoch 6/20...
[seed=125] Finished training for epoch 6/20.
[seed=125] Finished evaluation for epoch 6/20.
[seed=125] Epoch 6: train_loss=1.6099, val_loss=1.6095, acc=0.2000, edit_dist=0.8036
[seed=125] Starting epoch 7/20...
[seed=125] Finished training for epoch 7/20.
[seed=125] Finished evaluation for epoch 7/20.
[seed=125] Epoch 7: train_loss=1.6096, val_loss=1.6095, acc=0.2000, edit_dist=0.7974
[seed=125] Starting epoch 8/20...
[seed=125] Finished training for epoch 8/20.
[seed=125] Finished evaluation for epoch 8/20.
[seed=125] Epoch 8: train_loss=1.6097, val_loss=1.6094, acc=0.2000, edit_dist=0.7966
[seed=125] Starting epoch 9/20...
[seed=125] Finished training for epoch 9/20.
[seed=125] Finished evaluation for epoch 9/20.
[seed=125] Epoch 9: train_loss=1.6096, val_loss=1.6095, acc=0.2000, edit_dist=0.8057
[seed=125] Starting epoch 10/20...
[seed=125] Finished training for epoch 10/20.
[seed=125] Finished evaluation for epoch 10/20.
[seed=125] Epoch 10: train_loss=1.6095, val_loss=1.6095, acc=0.2000, edit_dist=0.7970
[seed=125] Starting epoch 11/20...
[seed=125] Finished training for epoch 11/20.
[seed=125] Finished evaluation for epoch 11/20.
[seed=125] Epoch 11: train_loss=1.6095, val_loss=1.6095, acc=0.1900, edit_dist=0.8095
[seed=125] Starting epoch 12/20...
[seed=125] Finished training for epoch 12/20.
[seed=125] Finished evaluation for epoch 12/20.
[seed=125] Epoch 12: train_loss=1.6094, val_loss=1.6095, acc=0.2000, edit_dist=0.7932
[seed=125] Starting epoch 13/20...
[seed=125] Finished training for epoch 13/20.
[seed=125] Finished evaluation for epoch 13/20.
[seed=125] Epoch 13: train_loss=1.6097, val_loss=1.6095, acc=0.2000, edit_dist=0.8165
[seed=125] Starting epoch 14/20...
[seed=125] Finished training for epoch 14/20.
[seed=125] Finished evaluation for epoch 14/20.
[seed=125] Epoch 14: train_loss=1.6097, val_loss=1.6094, acc=0.2000, edit_dist=0.8012
[seed=125] Starting epoch 15/20...
[seed=125] Finished training for epoch 15/20.
[seed=125] Finished evaluation for epoch 15/20.
[seed=125] Epoch 15: train_loss=1.6095, val_loss=1.6094, acc=0.2000, edit_dist=0.8050
[seed=125] Starting epoch 16/20...
[seed=125] Finished training for epoch 16/20.
[seed=125] Finished evaluation for epoch 16/20.
[seed=125] Epoch 16: train_loss=1.6095, val_loss=1.6094, acc=0.2000, edit_dist=0.7940
[seed=125] Starting epoch 17/20...
[seed=125] Finished training for epoch 17/20.
[seed=125] Finished evaluation for epoch 17/20.
[seed=125] Epoch 17: train_loss=1.6095, val_loss=1.6095, acc=0.2000, edit_dist=0.7923
[seed=125] Starting epoch 18/20...
[seed=125] Finished training for epoch 18/20.
[seed=125] Finished evaluation for epoch 18/20.
[seed=125] Epoch 18: train_loss=1.6095, val_loss=1.6094, acc=0.2000, edit_dist=0.7952
[seed=125] Starting epoch 19/20...
[seed=125] Finished training for epoch 19/20.
[seed=125] Finished evaluation for epoch 19/20.
[seed=125] Epoch 19: train_loss=1.6094, val_loss=1.6095, acc=0.2000, edit_dist=0.8117
[seed=125] Starting epoch 20/20...
[seed=125] Finished training for epoch 20/20.
[seed=125] Finished evaluation for epoch 20/20.
[seed=125] Epoch 20: train_loss=1.6095, val_loss=1.6094, acc=0.1920, edit_dist=0.8032
Starting denoising text classification experiment with args: Namespace(rule='gradient', embedding_dim=256, char_embed_dim=32, hidden_dim=128, encoder_layers=2, model_dim=256, num_heads=4, num_layers=2, ffn_dim=512, dropout=0.1, aux_dim=4, eta0=0.2, max_norm=1.0, ways=5, shots=1, queries=15, noise_type='transposition', noise_prob=0.1, epochs=20, episodes_per_epoch=200, val_episodes=100, lr=0.001, weight_decay=0.0005, clip_norm=5.0, device='auto', base_seed=123, seeds=3, output_path='experiments/results/denoising_text_rule-gradient_noise-transposition_prob-01.json')
Running denoising text classification experiment...
[seed=123] Starting epoch 1/20...
[seed=123] Finished training for epoch 1/20.
[seed=123] Finished evaluation for epoch 1/20.
[seed=123] Epoch 1: train_loss=1.6406, val_loss=1.6101, acc=0.2000, edit_dist=0.8339
[seed=123] Starting epoch 2/20...
[seed=123] Finished training for epoch 2/20.
[seed=123] Finished evaluation for epoch 2/20.
[seed=123] Epoch 2: train_loss=1.6134, val_loss=1.6096, acc=0.2000, edit_dist=0.8272
[seed=123] Starting epoch 3/20...
[seed=123] Finished training for epoch 3/20.
[seed=123] Finished evaluation for epoch 3/20.
[seed=123] Epoch 3: train_loss=1.6109, val_loss=1.6095, acc=0.2000, edit_dist=0.8418
[seed=123] Starting epoch 4/20...
[seed=123] Finished training for epoch 4/20.
[seed=123] Finished evaluation for epoch 4/20.
[seed=123] Epoch 4: train_loss=1.6101, val_loss=1.6093, acc=0.2000, edit_dist=0.8335
[seed=123] Starting epoch 5/20...
[seed=123] Finished training for epoch 5/20.
[seed=123] Finished evaluation for epoch 5/20.
[seed=123] Epoch 5: train_loss=1.6102, val_loss=1.6096, acc=0.2100, edit_dist=0.8323
[seed=123] Starting epoch 6/20...
[seed=123] Finished training for epoch 6/20.
[seed=123] Finished evaluation for epoch 6/20.
[seed=123] Epoch 6: train_loss=1.6097, val_loss=1.6095, acc=0.2000, edit_dist=0.8262
[seed=123] Starting epoch 7/20...
[seed=123] Finished training for epoch 7/20.
[seed=123] Finished evaluation for epoch 7/20.
[seed=123] Epoch 7: train_loss=1.6097, val_loss=1.6095, acc=0.2000, edit_dist=0.8410
[seed=123] Starting epoch 8/20...
[seed=123] Finished training for epoch 8/20.
[seed=123] Finished evaluation for epoch 8/20.
[seed=123] Epoch 8: train_loss=1.6094, val_loss=1.6095, acc=0.2000, edit_dist=0.8378
[seed=123] Starting epoch 9/20...
[seed=123] Finished training for epoch 9/20.
[seed=123] Finished evaluation for epoch 9/20.
[seed=123] Epoch 9: train_loss=1.6096, val_loss=1.6095, acc=0.2000, edit_dist=0.8307
[seed=123] Starting epoch 10/20...
[seed=123] Finished training for epoch 10/20.
[seed=123] Finished evaluation for epoch 10/20.
[seed=123] Epoch 10: train_loss=1.6095, val_loss=1.6095, acc=0.2000, edit_dist=0.8364
[seed=123] Starting epoch 11/20...
[seed=123] Finished training for epoch 11/20.
[seed=123] Finished evaluation for epoch 11/20.
[seed=123] Epoch 11: train_loss=1.6094, val_loss=1.6095, acc=0.2000, edit_dist=0.8285
[seed=123] Starting epoch 12/20...
[seed=123] Finished training for epoch 12/20.
[seed=123] Finished evaluation for epoch 12/20.
[seed=123] Epoch 12: train_loss=1.6096, val_loss=1.6095, acc=0.2000, edit_dist=0.8378
[seed=123] Starting epoch 13/20...
[seed=123] Finished training for epoch 13/20.
[seed=123] Finished evaluation for epoch 13/20.
[seed=123] Epoch 13: train_loss=1.6096, val_loss=1.6094, acc=0.2000, edit_dist=0.8309
[seed=123] Starting epoch 14/20...
[seed=123] Finished training for epoch 14/20.
[seed=123] Finished evaluation for epoch 14/20.
[seed=123] Epoch 14: train_loss=1.6095, val_loss=1.6094, acc=0.2000, edit_dist=0.8368
[seed=123] Starting epoch 15/20...
[seed=123] Finished training for epoch 15/20.
[seed=123] Finished evaluation for epoch 15/20.
[seed=123] Epoch 15: train_loss=1.6095, val_loss=1.6095, acc=0.2000, edit_dist=0.8414
[seed=123] Starting epoch 16/20...
[seed=123] Finished training for epoch 16/20.
[seed=123] Finished evaluation for epoch 16/20.
[seed=123] Epoch 16: train_loss=1.6095, val_loss=1.6094, acc=0.2000, edit_dist=0.8347
[seed=123] Starting epoch 17/20...
[seed=123] Finished training for epoch 17/20.
[seed=123] Finished evaluation for epoch 17/20.
[seed=123] Epoch 17: train_loss=1.6094, val_loss=1.6094, acc=0.2000, edit_dist=0.8221
[seed=123] Starting epoch 18/20...
[seed=123] Finished training for epoch 18/20.
[seed=123] Finished evaluation for epoch 18/20.
[seed=123] Epoch 18: train_loss=1.6094, val_loss=1.6095, acc=0.2000, edit_dist=0.8354
[seed=123] Starting epoch 19/20...
[seed=123] Finished training for epoch 19/20.
[seed=123] Finished evaluation for epoch 19/20.
[seed=123] Epoch 19: train_loss=1.6095, val_loss=1.6094, acc=0.2000, edit_dist=0.8380
[seed=123] Starting epoch 20/20...
[seed=123] Finished training for epoch 20/20.
[seed=123] Finished evaluation for epoch 20/20.
[seed=123] Epoch 20: train_loss=1.6095, val_loss=1.6095, acc=0.2000, edit_dist=0.8355
[seed=124] Starting epoch 1/20...
[seed=124] Finished training for epoch 1/20.
[seed=124] Finished evaluation for epoch 1/20.
[seed=124] Epoch 1: train_loss=1.6394, val_loss=1.6103, acc=0.2349, edit_dist=0.8327
[seed=124] Starting epoch 2/20...
[seed=124] Finished training for epoch 2/20.
[seed=124] Finished evaluation for epoch 2/20.
[seed=124] Epoch 2: train_loss=1.6140, val_loss=1.6104, acc=0.2073, edit_dist=0.8280
[seed=124] Starting epoch 3/20...
[seed=124] Finished training for epoch 3/20.
[seed=124] Finished evaluation for epoch 3/20.
[seed=124] Epoch 3: train_loss=1.6130, val_loss=1.6128, acc=0.2000, edit_dist=0.8412
[seed=124] Starting epoch 4/20...
[seed=124] Finished training for epoch 4/20.
[seed=124] Finished evaluation for epoch 4/20.
[seed=124] Epoch 4: train_loss=1.6126, val_loss=1.6093, acc=0.2000, edit_dist=0.8427
[seed=124] Starting epoch 5/20...
[seed=124] Finished training for epoch 5/20.
[seed=124] Finished evaluation for epoch 5/20.
[seed=124] Epoch 5: train_loss=1.6111, val_loss=1.6096, acc=0.2000, edit_dist=0.8230
[seed=124] Starting epoch 6/20...
[seed=124] Finished training for epoch 6/20.
[seed=124] Finished evaluation for epoch 6/20.
[seed=124] Epoch 6: train_loss=1.6105, val_loss=1.6097, acc=0.2000, edit_dist=0.8244
[seed=124] Starting epoch 7/20...
[seed=124] Finished training for epoch 7/20.
[seed=124] Finished evaluation for epoch 7/20.
[seed=124] Epoch 7: train_loss=1.6100, val_loss=1.6095, acc=0.2000, edit_dist=0.8267
[seed=124] Starting epoch 8/20...
[seed=124] Finished training for epoch 8/20.
[seed=124] Finished evaluation for epoch 8/20.
[seed=124] Epoch 8: train_loss=1.6097, val_loss=1.6095, acc=0.2000, edit_dist=0.8271
[seed=124] Starting epoch 9/20...
[seed=124] Finished training for epoch 9/20.
[seed=124] Finished evaluation for epoch 9/20.
[seed=124] Epoch 9: train_loss=1.6097, val_loss=1.6094, acc=0.2000, edit_dist=0.8342
[seed=124] Starting epoch 10/20...
[seed=124] Finished training for epoch 10/20.
[seed=124] Finished evaluation for epoch 10/20.
[seed=124] Epoch 10: train_loss=1.6096, val_loss=1.6095, acc=0.2000, edit_dist=0.8439
[seed=124] Starting epoch 11/20...
[seed=124] Finished training for epoch 11/20.
[seed=124] Finished evaluation for epoch 11/20.
[seed=124] Epoch 11: train_loss=1.6097, val_loss=1.6095, acc=0.2000, edit_dist=0.8343
[seed=124] Starting epoch 12/20...
[seed=124] Finished training for epoch 12/20.
[seed=124] Finished evaluation for epoch 12/20.
[seed=124] Epoch 12: train_loss=1.6096, val_loss=1.6094, acc=0.2000, edit_dist=0.8307
[seed=124] Starting epoch 13/20...
